plant_id,spp,nTreatment,temp,phoper,pfd,photo,cond,ci,,
cs4bhigh,cs,high,25,10,1200,8.207744044,0.158834224,285.7319037,,
cs4bhigh,cs,high,25,10,1000,8.369451778,0.156234024,282.1940917,,
cs4bhigh,cs,high,25,10,500,7.271483759,0.156283081,295.4484072,,
cs4bhigh,cs,high,25,10,200,5.108836794,0.159009635,323.4918183,,
cs4bhigh,cs,high,25,10,100,2.970728101,0.152148824,348.1177471,,
cs4bhigh,cs,high,25,10,75,1.974583637,0.131610723,357.1358126,, 
cs4bhigh,cs,high,25,10,50,1.291094359,0.117019454,365.0660122,,
cs4bhigh,cs,high,25,10,25,0.191722349,0.101839005,382.8123829,,
cs4bhigh,cs,high,25,10,0,-1.134709283,0.069217726,417.3927144,,
cs1bhigh,cs,high,25,10,1200,7.209630689,0.225318664,321.5409739,,
cs1bhigh,cs,high,25,10,1000,7.193246851,0.239015808,325.0539584,,
cs1bhigh,cs,high,25,10,500,6.333007079,0.250386134,334.7474558,,
cs1bhigh,cs,high,25,10,200,4.399740772,0.256016686,351.5759231,,
cs1bhigh,cs,high,25,10,100,2.587637221,0.253373347,365.9724103,,
cs1bhigh,cs,high,25,10,75,1.688166364,0.239464538,372.5014675,,
cs1bhigh,cs,high,25,10,50,0.996080476,0.227623624,377.9593063,,
cs1bhigh,cs,high,25,10,25,0.185090352,0.212223197,385.2768546,,
cs1bhigh,cs,high,25,10,0,-1.281686592,0.172148855,401.6290336,,
cs2ahigh,cs,high,25,10,1200,9.61610935,0.436159631,337.8883622,,
cs2ahigh,cs,high,25,10,1000,9.202687873,0.37650862,333.5286841,,
cs2ahigh,cs,high,25,10,500,7.248751845,0.34490339,341.3915389,,
cs2ahigh,cs,high,25,10,200,4.549145868,0.304555568,355.0509132,,
cs2ahigh,cs,high,25,10,100,2.580115575,0.284294754,367.8250208,,
cs2ahigh,cs,high,25,10,75,1.759079867,0.251352842,372.3157013,,
cs2ahigh,cs,high,25,10,50,0.827630807,0.232394931,379.4758871,,
cs2ahigh,cs,high,25,10,25,-0.132190412,0.216314325,388.2157215,,
cs2ahigh,cs,high,25,10,0,-1.137314985,0.206944214,398.4408557,,
cs3bhigh,cs,high,25,10,1200,8.488941004,0.399042619,339.4221195,,
cs3bhigh,cs,high,25,10,1000,8.307656998,0.381883741,338.6772326,,
cs3bhigh,cs,high,25,10,500,6.369962467,0.335223549,345.1859274,,
cs3bhigh,cs,high,25,10,200,4.238553146,0.303461757,356.6015969,,
cs3bhigh,cs,high,25,10,100,2.703445164,0.251918647,363.8612818,,
cs3bhigh,cs,high,25,10,75,1.982500832,0.235542075,368.9039985,,
cs3bhigh,cs,high,25,10,50,1.140323877,0.218501051,375.7131917,,
cs3bhigh,cs,high,25,10,25,0.279531543,0.200600323,383.820132,,
cs3bhigh,cs,high,25,10,0,-0.860115521,0.192655599,396.1176901,,
cs1high,cs,high,25,10,1200,7.045591391,0.103919585,268.0090278,,
cs1high,cs,high,25,10,1000,6.100852197,0.085005476,262.6939464,,
cs1high,cs,high,25,10,500,5.241063521,0.071249186,261.7175173,,
cs1high,cs,high,25,10,200,2.821468783,0.061542352,310.1964034,,
cs1high,cs,high,25,10,100,3.377087687,0.053113613,282.6861332,,
cs1high,cs,high,25,10,75,3.146667987,0.043965178,269.6147517,,
cs1high,cs,high,25,10,50,1.564003445,0.037371108,320.6355771,,
cs1high,cs,high,25,10,25,0.124406766,0.032280451,378.4442567,,
cs1high,cs,high,25,10,0,-0.239032062,0.027044568,398.8871849,,
cs2high,cs,high,25,10,1200,8.2007037,0.17526636,300.3015276,,
cs2high,cs,high,25,10,1000,7.369853384,0.152676087,299.2956914,,
cs2high,cs,high,25,10,500,6.534095827,0.131075449,296.564505,,
cs2high,cs,high,25,10,200,5.482702141,0.117407634,308.6524886,,
cs2high,cs,high,25,10,100,3.854552146,0.110921351,332.0907618,,
cs2high,cs,high,25,10,75,3.538837865,0.104941626,331.0289794,,
cs2high,cs,high,25,10,50,1.708956566,0.098904407,356.0568112,,
cs2high,cs,high,25,10,25,1.234003295,0.091927432,366.4063429,,
cs2high,cs,high,25,10,0,0.059995868,0.075405888,390.0018028,,
cs2clow,cs,low,25,10,1200,10.75989651,0.322765638,316.4820503,,
cs2clow,cs,low,25,10,1000,10.34755059,0.321081605,318.6065422,,
cs2clow,cs,low,25,10,500,8.385496124,0.312704463,330.0895634,,
cs2clow,cs,low,25,10,200,5.347376854,0.303189278,349.4106161,,
cs2clow,cs,low,25,10,100,3.07681568,0.282344352,363.7869028,,
cs2clow,cs,low,25,10,75,2.074737342,0.234593569,368.2656886,,
cs2clow,cs,low,25,10,50,1.473712872,0.195425389,371.1747151,,
cs2clow,cs,low,25,10,25,0.263247993,0.176331063,383.3475155,,
cs2clow,cs,low,25,10,0,-1.012508655,0.159839338,399.1275435,,
cs3alow,cs,low,25,10,1200,10.84944808,0.420165362,329.5772917,,
cs3alow,cs,low,25,10,1000,10.37561074,0.35044617,322.5556278,,
cs3alow,cs,low,25,10,500,8.43795178,0.30599278,327.5465635,,
cs3alow,cs,low,25,10,200,5.549691991,0.264189782,342.0098127,,
cs3alow,cs,low,25,10,100,3.237289324,0.225707142,356.1640864,,
cs3alow,cs,low,25,10,75,2.356230032,0.198101325,361.3567605,,
cs3alow,cs,low,25,10,50,1.495621499,0.187053397,369.5720121,,
cs3alow,cs,low,25,10,25,0.365579716,0.166870576,381.7278259,,
cs3alow,cs,low,25,10,0,-0.989916271,0.153762162,399.3162281,,
cs4clow,cs,low,25,10,1200,8.945112919,0.342229257,329.5512851,,
cs4clow,cs,low,25,10,1000,8.587099193,0.288313686,322.9341712,,
cs4clow,cs,low,25,10,500,6.764086023,0.274617916,333.9952729,,
cs4clow,cs,low,25,10,200,4.649243844,0.255131863,348.1421933,,
cs4clow,cs,low,25,10,100,2.6569968,0.222754069,361.8138583,,
cs4clow,cs,low,25,10,75,2.048570963,0.182891783,363.7154756,,
cs4clow,cs,low,25,10,50,1.220086613,0.164960567,371.7130393,,
cs4clow,cs,low,25,10,25,0.370416208,0.150209646,382.1140562,,
cs4clow,cs,low,25,10,0,-0.743830166,0.130955669,398.8742711,,
cs1blow,cs,low,25,10,1200,6.517316419,0.106624787,264.8061886,,
cs1blow,cs,low,25,10,1000,6.96890792,0.122225206,272.5588045,,
cs1blow,cs,low,25,10,500,6.259545973,0.131315914,290.3406502,,
cs1blow,cs,low,25,10,200,4.52605139,0.131750063,316.8045047,,
cs1blow,cs,low,25,10,100,3.019834459,0.127114533,338.0691265,,
cs1blow,cs,low,25,10,75,2.348388333,0.115430613,345.2352515,,
cs1blow,cs,low,25,10,50,1.431669152,0.098083665,356.8680764,,
cs1blow,cs,low,25,10,25,0.529136879,0.083706403,373.3668057,,
cs1blow,cs,low,25,10,0,-0.878088243,0.060920102,413.0289075,,
cs4amed,cs,med,25,10,1200,9.341950062,0.20439869,295.3853468,,
cs4amed,cs,med,25,10,1000,9.299552018,0.218946259,301.2943926,,
cs4amed,cs,med,25,10,500,7.776636912,0.226696754,317.4297104,,
cs4amed,cs,med,25,10,200,4.968053557,0.232496275,343.830463,,
cs4amed,cs,med,25,10,100,2.932215295,0.230129036,361.5375156,,
cs4amed,cs,med,25,10,75,2.060999196,0.22433903,368.9889498,,
cs4amed,cs,med,25,10,50,1.248864317,0.209392908,375.7322131,,
cs4amed,cs,med,25,10,25,0.297325425,0.176723027,384.5153734,,
cs4amed,cs,med,25,10,0,-0.973756881,0.143182661,401.2873532,,
cs2bmed,cs,med,25,10,1200,8.016374642,0.230623095,315.95594,,
cs2bmed,cs,med,25,10,1000,7.596357715,0.209787235,313.5778638,,
cs2bmed,cs,med,25,10,500,6.112104781,0.190097049,321.8724229,,
cs2bmed,cs,med,25,10,200,4.040324749,0.176509424,340.5868716,,
cs2bmed,cs,med,25,10,100,2.382513278,0.163309314,357.3183705,,
cs2bmed,cs,med,25,10,75,1.683699289,0.153464886,364.656922,,
cs2bmed,cs,med,25,10,50,1.061212607,0.145604523,372.0668577,,
cs2bmed,cs,med,25,10,25,0.098587213,0.142504176,385.1936284,,
cs2bmed,cs,med,25,10,0,-0.987082886,0.131385462,401.4354486,,
cs1cmed,cs,med,25,10,1200,9.344402247,0.255500523,310.4655903,,
cs1cmed,cs,med,25,10,1000,8.819031101,0.217026761,302.9412286,,
cs1cmed,cs,med,25,10,500,7.341250384,0.203149918,312.3492352,,
cs1cmed,cs,med,25,10,200,4.837382125,0.174678871,329.8096718,,
cs1cmed,cs,med,25,10,100,2.84587337,0.135338521,343.9595951,,
cs1cmed,cs,med,25,10,75,1.984965307,0.112270386,350.704651,,
cs1cmed,cs,med,25,10,50,1.178174153,0.09466429,361.3773438,,
cs1cmed,cs,med,25,10,25,0.391927742,0.089180874,377.628181,,
cs1cmed,cs,med,25,10,0,-0.804272227,0.063812749,411.2077352,,
cs3cmed,cs,med,25,10,1200,12.4720021,0.385006665,315.7786227,,
cs3cmed,cs,med,25,10,1000,12.02458195,0.351134873,312.5455697,,
cs3cmed,cs,med,25,10,500,9.577945229,0.30260229,318.5598498,,
cs3cmed,cs,med,25,10,200,6.170782005,0.272245345,338.1871633,,
cs3cmed,cs,med,25,10,100,3.661400653,0.213836827,350.7280175,,
cs3cmed,cs,med,25,10,75,2.623383656,0.168680724,354.4694654,,
cs3cmed,cs,med,25,10,50,1.690305935,0.1449106,362.6314385,,
cs3cmed,cs,med,25,10,25,0.610115361,0.111217136,375.5252194,,
csw2med,cs,med,25,10,1200,11.1493945,0.289887696,309.2804949,,
csw2med,cs,med,25,10,1000,11.16472859,0.291582198,309.7170896,,
csw2med,cs,med,25,10,500,8.909441324,0.270069009,322.2659584,,
csw2med,cs,med,25,10,200,6.572105305,0.254427645,337.6664681,,
csw2med,cs,med,25,10,100,3.23483368,0.248100031,363.3506555,,
csw2med,cs,med,25,10,75,1.952992805,0.234548919,372.9684926,,
csw2med,cs,med,25,10,50,1.71510402,0.215510758,373.9061453,,
csw2med,cs,med,25,10,25,0.268881398,0.190989433,386.4741142,,
csw2med,cs,med,25,10,0,-0.60023091,0.17064057,395.5673934,,
csw1med,cs,med,25,10,1200,6.920521365,0.177926032,314.6389555,,
csw1med,cs,med,25,10,1000,6.431462524,0.152871047,310.6901459,,
csw1med,cs,med,25,10,500,5.335979179,0.127956356,313.4557167,,
csw1med,cs,med,25,10,200,3.737629123,0.11071418,329.0801422,,
csw1med,cs,med,25,10,100,2.742935607,0.093635381,337.743421,,
csw1med,cs,med,25,10,75,2.096234546,0.082948415,345.2923663,,
csw1med,cs,med,25,10,50,1.844702783,0.070912787,344.6425562,,
csw1med,cs,med,25,10,25,0.521097595,0.06171151,374.372862,,
csw1med,cs,med,25,10,0,-0.128650609,0.054004916,392.4372049,,
cs4bhigh,cs,high,25,14,1200,10,0.277,312,,
cs4bhigh,cs,high,25,14,1000,9.49,0.242,306,,
cs4bhigh,cs,high,25,14,500,8.21,0.229,313,,
cs4bhigh,cs,high,25,14,200,5.67,0.213,332,,
cs4bhigh,cs,high,25,14,100,3.66,0.2,350,,
cs4bhigh,cs,high,25,14,75,2.62,0.181,357,,
cs4bhigh,cs,high,25,14,50,1.8,0.173,366,,
cs4bhigh,cs,high,25,14,25,0.543,0.156,380,,
cs4bhigh,cs,high,25,14,0,-1.09,0.119,404,,
cs2ahigh,cs,high,25,14,1200,9.83,0.18,270,,
cs2ahigh,cs,high,25,14,1000,9.85,0.177,269,,
cs2ahigh,cs,high,25,14,500,8.85,0.182,284,,
cs2ahigh,cs,high,25,14,200,6.5,0.182,311,,
cs2ahigh,cs,high,25,14,100,3.96,0.163,335,,
cs2ahigh,cs,high,25,14,75,3.21,0.148,342,,
cs2ahigh,cs,high,25,14,50,2.06,0.135,355,,
cs2ahigh,cs,high,25,14,25,0.665,0.124,375,,
cs2ahigh,cs,high,25,14,0,-1.06,0.0977,406,,
cs3bhigh,cs,high,25,14,1200,5.98,0.16,313,,
cs3bhigh,cs,high,25,14,1000,5.81,0.159,315,,
cs3bhigh,cs,high,25,14,500,5.18,0.157,322,,
cs3bhigh,cs,high,25,14,200,3.68,0.16,341,,
cs3bhigh,cs,high,25,14,100,2.45,0.163,357,,
cs3bhigh,cs,high,25,14,75,2.08,0.162,361,,
cs3bhigh,cs,high,25,14,50,1.4,0.163,369,,
cs3bhigh,cs,high,25,14,25,0.475,0.159,380,,
cs3bhigh,cs,high,25,14,0,-0.98,0.151,399,,
cs1bhigh,cs,high,25,14,1200,4.42,0.131,320,,
cs1bhigh,cs,high,25,14,1000,5.12,0.135,312,,
cs1bhigh,cs,high,25,14,500,5.44,0.153,317,,
cs1bhigh,cs,high,25,14,200,4.29,0.155,332,,
cs1bhigh,cs,high,25,14,100,2.79,0.151,350,,
cs1bhigh,cs,high,25,14,75,2.13,0.147,358,,
cs1bhigh,cs,high,25,14,50,1.41,0.144,367,,
cs1bhigh,cs,high,25,14,25,0.416,0.137,381,,
cs1bhigh,cs,high,25,14,0,-1.07,0.111,405,,
csw1high,cs,high,25,14,1200,5.021367775,0.097785688,300.2745657,,
csw1high,cs,high,25,14,1000,6.292704531,0.100214849,280.0664767,,
csw1high,cs,high,25,14,500,5.637384355,0.086920709,278.2124802,,
csw1high,cs,high,25,14,200,3.698192927,0.083166719,313.606146,,
csw1high,cs,high,25,14,100,2.216485263,0.082649789,344.0029059,,
csw1high,cs,high,25,14,75,1.338618268,0.076917904,360.4399393,,
csw1high,cs,high,25,14,50,1.601179518,0.071663722,352.0363471,,
csw1high,cs,high,25,14,25,4.266230594,0.055331767,261.0040938,,
csw1high,cs,high,25,14,0,-1.306579784,0.059757431,426.7255844,,
cswhigh,cs,high,25,14,1200,5.273821004,0.12350655,311.2915047,,
cswhigh,cs,high,25,14,1000,5.213901813,0.130875302,315.9789285,,
cswhigh,cs,high,25,14,500,4.869457628,0.119479869,315.6630109,,
cswhigh,cs,high,25,14,200,3.602366501,0.106878698,329.2010887,,
cswhigh,cs,high,25,14,100,1.921993559,0.100731356,355.1442635,,
cswhigh,cs,high,25,14,75,1.501035057,0.100821698,362.4239553,,
cswhigh,cs,high,25,14,50,1.086080091,0.09426064,368.5236824,,
cswhigh,cs,high,25,14,25,0.130918647,0.085813624,385.7242839,,
cswhigh,cs,high,25,14,0,-1.052852768,0.076458474,411.8175972,,
cs4clow,cs,low,25,14,1200,9.73,0.238,304,,
cs4clow,cs,low,25,14,1000,8.37,0.183,296,,
cs4clow,cs,low,25,14,500,7.43,0.185,307,,
cs4clow,cs,low,25,14,200,5.29,0.178,328,,
cs4clow,cs,low,25,14,100,3.35,0.158,345,,
cs4clow,cs,low,25,14,75,-0.175,-0.00288,293,,
cs4clow,cs,low,25,14,50,1.79,0.12,358,,
cs4clow,cs,low,25,14,25,0.6,0.0828,373,,
cs4clow,cs,low,25,14,0,-0.804,0.067,410,,
cs2clow,cs,low,25,14,1200,12.4,0.282,298,,
cs2clow,cs,low,25,14,1000,12.1,0.265,295,,
cs2clow,cs,low,25,14,500,10.8,0.269,307,,
cs2clow,cs,low,25,14,200,7.53,0.27,331,,
cs2clow,cs,low,25,14,100,4.89,0.265,351,,
cs2clow,cs,low,25,14,75,3.65,0.251,359,,
cs2clow,cs,low,25,14,50,2.41,0.237,368,,
cs2clow,cs,low,25,14,25,0.813,0.205,380,,
cs2clow,cs,low,25,14,0,-1.14,0.141,403,,
cs3alow,cs,low,25,14,1200,13.5,0.301,295,,
cs3alow,cs,low,25,14,1000,13.2,0.303,298,,
cs3alow,cs,low,25,14,500,10.9,0.298,311,,
cs3alow,cs,low,25,14,200,7.17,0.254,330,,
cs3alow,cs,low,25,14,100,4.33,0.226,349,,
cs3alow,cs,low,25,14,75,3.32,0.182,351,,
cs3alow,cs,low,25,14,50,-0.123,-0.00322,328,,
cs3alow,cs,low,25,14,25,0.977,0.14,374,,
cs3alow,cs,low,25,14,0,-1.1,0.0902,411,,
cs1blow,cs,low,25,14,1200,7.35,0.128,276,,
cs1blow,cs,low,25,14,1000,7.96,0.137,274,,
cs1blow,cs,low,25,14,500,7.26,0.138,284,,
cs1blow,cs,low,25,14,200,5.28,0.13,308,,
cs1blow,cs,low,25,14,100,3.38,0.125,334,,
cs1blow,cs,low,25,14,75,2.83,0.117,339,,
cs1blow,cs,low,25,14,50,1.68,0.0927,351,,
cs1blow,cs,low,25,14,25,0.401,0.0624,374,,
cs1blow,cs,low,25,14,0,-1.13,0.0444,434,,
csw2low,cs,low,25,14,1200,6.488646783,0.101133061,270.3932631,,
csw2low,cs,low,25,14,1000,6.605914958,0.101242563,270.0185627,,
csw2low,cs,low,25,14,500,5.568139824,0.096303385,283.6159205,,
csw2low,cs,low,25,14,200,3.773243945,0.091778096,312.7082519,,
csw2low,cs,low,25,14,100,2.144462391,0.086531487,340.8841405,,
csw2low,cs,low,25,14,75,2.040934,0.080398803,341.6378479,,
csw2low,cs,low,25,14,50,1.208913449,0.073480337,356.8021306,,
csw2low,cs,low,25,14,25,0.467377136,0.067327841,372.5221308,,
csw2low,cs,low,25,14,0,-0.547010056,0.058620925,399.5792489,,
csw3low,cs,low,25,14,1200,6.536266824,0.08176474,247.5597727,,
csw3low,cs,low,25,14,1000,6.67148745,0.082398285,245.4138988,,
csw3low,cs,low,25,14,500,5.895930864,0.075733229,251.5692226,,
csw3low,cs,low,25,14,200,4.316404362,0.07178083,281.9059339,,
csw3low,cs,low,25,14,100,2.870928569,0.070276591,314.4197777,,
csw3low,cs,low,25,14,75,2.273678575,0.069150501,327.6944461,,
csw3low,cs,low,25,14,50,1.677317291,0.06801672,341.4334828,,
csw3low,cs,low,25,14,25,0.611480802,0.067000799,367.3265608,,
csw3low,cs,low,25,14,0,-0.724078554,0.063435829,403.2664025,,
cs3cmed,cs,med,25,14,1200,10.4,0.274,308,,
cs3cmed,cs,med,25,14,1000,9.56,0.224,300,,
cs3cmed,cs,med,25,14,500,8.07,0.209,308,,
cs3cmed,cs,med,25,14,200,5.77,0.202,329,,
cs3cmed,cs,med,25,14,100,3.77,0.197,348,,
cs3cmed,cs,med,25,14,75,2.83,0.183,356,,
cs3cmed,cs,med,25,14,50,1.82,0.172,366,,
cs3cmed,cs,med,25,14,25,0.432,0.157,382,,
cs3cmed,cs,med,25,14,0,0.0496,-0.00273,412,,
cs2bmed,cs,med,25,14,1200,13.1,0.345,307,,
cs2bmed,cs,med,25,14,1000,12.4,0.309,303,,
cs2bmed,cs,med,25,14,500,9.96,0.281,314,,
cs2bmed,cs,med,25,14,200,6.48,0.26,336,,
cs2bmed,cs,med,25,14,100,3.94,0.235,353,,
cs2bmed,cs,med,25,14,75,2.77,0.215,361,,
cs2bmed,cs,med,25,14,50,1.83,0.189,368,,
cs2bmed,cs,med,25,14,25,0.444,0.15,382,,
cs2bmed,cs,med,25,14,0,-1.16,0.103,409,,
cs1cmed,cs,med,25,14,1200,7.05,0.125,283,,
cs1cmed,cs,med,25,14,1000,5.91,0.108,287,,
cs1cmed,cs,med,25,14,500,5.45,0.105,293,,
cs1cmed,cs,med,25,14,200,4.13,0.0991,312,,
cs1cmed,cs,med,25,14,100,2.74,0.0885,332,,
cs1cmed,cs,med,25,14,75,1.8,0.0713,342,,
cs1cmed,cs,med,25,14,50,-0.0886,-0.000983,246,,
cs1cmed,cs,med,25,14,25,0.571,0.0892,375,,
cs1cmed,cs,med,25,14,0,-0.881,0.0565,414,,
cs4amed,cs,med,25,14,1200,11.9,0.28,304,,
cs4amed,cs,med,25,14,1000,10.7,0.236,300,,
cs4amed,cs,med,25,14,500,9.34,0.219,307,,
cs4amed,cs,med,25,14,200,6.53,0.206,329,,
cs4amed,cs,med,25,14,100,3.99,0.187,348,,
cs4amed,cs,med,25,14,75,2.88,0.168,357,,
cs4amed,cs,med,25,14,50,2.02,0.15,364,,
cs4amed,cs,med,25,14,25,0.685,0.131,378,,
cs4amed,cs,med,25,14,0,-0.712,0.112,398,,
csw2med,cs,med,25,14,1200,11.46616375,0.180651337,269.2125661,,
csw2med,cs,med,25,14,1000,7.156855594,0.185120686,315.4372241,,
csw2med,cs,med,25,14,500,4.74424318,0.170759239,337.311661,,
csw2med,cs,med,25,14,200,1.417094377,0.167137601,373.5098464,,
csw2med,cs,med,25,14,100,-0.798833531,0.163481233,398.4902289,,
csw2med,cs,med,25,14,75,2.146122638,0.157058811,364.2736006,,
csw2med,cs,med,25,14,50,0.983997107,0.148440314,377.1364129,,
csw2med,cs,med,25,14,25,-3.55435254,0.146171894,433.6070608,,
csw2med,cs,med,25,14,0,0.610061981,0.127861631,380.8044505,,
csw6med,cs,med,25,14,1200,5.839577581,0.117886809,299.4964778,,
csw6med,cs,med,25,14,1000,6.553855792,0.108440583,281.2160299,,
csw6med,cs,med,25,14,500,2.402297483,0.107165092,348.7354315,,
csw6med,cs,med,25,14,200,3.882419236,0.093630975,316.5935008,,
csw6med,cs,med,25,14,100,2.498183451,0.092412128,341.9343947,,
csw6med,cs,med,25,14,75,2.167789423,0.089177207,346.6662725,,
csw6med,cs,med,25,14,50,1.285446836,0.080984143,361.4816893,,
csw6med,cs,med,25,14,25,1.844166648,0.067747507,342.6341234,,
csw6med,cs,med,25,14,0,-2.088919089,0.067566494,440.851098,,
csw1high,cs,high,32,10,1200,7.086915626,0.213907142,320.2772606,,
csw1high,cs,high,32,10,1000,6.739653404,0.166124051,308.9983245,,
csw1high,cs,high,32,10,500,5.20736423,0.129351868,312.8258822,,
csw1high,cs,high,32,10,200,3.60323098,0.10259154,323.8852759,,
csw1high,cs,high,32,10,100,1.571983242,0.079828038,351.306481,,
csw1high,cs,high,32,10,75,0.937271654,0.065357506,359.9349226,,
csw1high,cs,high,32,10,50,0.967675911,0.052792791,353.8814925,,
csw1high,cs,high,32,10,25,-0.195895428,0.045943034,390.6147762,,
csw1high,cs,high,32,10,0,-1.105184887,0.037960394,430.7301828,,
cs44high,cs,high,32,10,1200,8.168148408,0.229543365,313.6424584,,
cs44high,cs,high,32,10,1000,7.828152037,0.214810445,313.1640492,,
cs44high,cs,high,32,10,500,6.537076833,0.205811678,323.4132505,,
cs44high,cs,high,32,10,200,4.64916604,0.200217178,340.8172563,,
cs44high,cs,high,32,10,100,3.271198461,0.192394465,353.0909843,,
cs44high,cs,high,32,10,75,2.191299468,0.184377359,362.9256054,,
cs44high,cs,high,32,10,50,1.181125014,0.175536907,372.2712496,,
cs44high,cs,high,32,10,25,1.058190864,0.16330612,373.3534212,,
cs44high,cs,high,32,10,0,-0.873397201,0.144542046,395.5390214,,
csw7high,cs,high,32,10,1200,4.329564963,0.130939891,323.6102997,,
csw7high,cs,high,32,10,1000,4.295727331,0.107156168,312.731661,,
csw7high,cs,high,32,10,500,3.17313086,0.091232842,323.2514135,,
csw7high,cs,high,32,10,200,2.433266392,0.082796504,333.3695111,,
csw7high,cs,high,32,10,100,1.26160503,0.074520367,355.336258,,
csw7high,cs,high,32,10,75,0.987212955,0.070387347,360.5057461,,
csw7high,cs,high,32,10,50,0.65958416,0.065241856,367.201095,,
csw7high,cs,high,32,10,25,-0.082116339,0.061714243,386.3298873,,
csw7high,cs,high,32,10,0,-1.242096503,0.052819036,422.6805659,,
csw3high,cs,high,32,10,1200,5.373661388,0.24730805,340.0035015,,
csw3high,cs,high,32,10,1000,5.28992349,0.234297698,338.6086389,,
csw3high,cs,high,32,10,500,4.280644064,0.216768539,345.7040304,,
csw3high,cs,high,32,10,200,2.524412976,0.204637805,360.2909692,,
csw3high,cs,high,32,10,100,1.246413507,0.193955286,371.6313307,,
csw3high,cs,high,32,10,75,1.022318059,0.188076623,375.1744412,,
csw3high,cs,high,32,10,50,0.914536477,0.181456631,376.204354,,
csw3high,cs,high,32,10,25,0.077998531,0.173043839,384.6597356,,
csw3high,cs,high,32,10,0,-0.999951256,0.149858957,395.4079976,,
cshigh,cs,high,32,10,1200,6.218329154,0.200005185,326.5591991,,
cshigh,cs,high,32,10,1000,6.081941489,0.17846154,321.7356222,,
cshigh,cs,high,32,10,500,4.612052573,0.156689041,331.7325695,,
cshigh,cs,high,32,10,200,2.774140879,0.146871258,351.3260536,,
cshigh,cs,high,32,10,100,1.838125652,0.140464567,362.3552596,,
cshigh,cs,high,32,10,75,1.227766196,0.141609364,370.2469586,,
cshigh,cs,high,32,10,50,0.574751002,0.144562307,378.6527624,,
cshigh,cs,high,32,10,25,0.156653395,0.145306046,384.3683533,,
cshigh,cs,high,32,10,0,-1.249409394,0.142892264,401.98912,,
csw6high,cs,high,32,10,1200,5.193809149,0.199152089,334.1336151,,
csw6high,cs,high,32,10,1000,4.883157233,0.180015825,332.9553783,,
csw6high,cs,high,32,10,500,3.737365329,0.161093342,341.3361413,,
csw6high,cs,high,32,10,200,2.507161605,0.145514246,353.4150108,,
csw6high,cs,high,32,10,100,1.053291791,0.13244587,370.3338952,,
csw6high,cs,high,32,10,75,0.952945334,0.123313861,370.9674167,,
csw6high,cs,high,32,10,50,0.633341746,0.112025918,374.8313889,,
csw6high,cs,high,32,10,25,-0.221358644,0.102611321,388.2120024,,
csw6high,cs,high,32,10,0,-1.093831972,0.094235959,404.0695904,,
csw7low,cs,low,32,10,1200,3.936699953,0.25144493,353.1792663,,
csw7low,cs,low,32,10,1000,3.414711776,0.226285587,355.1171006,,
csw7low,cs,low,32,10,500,2.117387106,0.201999066,364.5928379,,
csw7low,cs,low,32,10,200,0.734473878,0.185755239,377.316272,,
csw7low,cs,low,32,10,100,1.38285608,0.173757127,369.9678954,,
csw7low,cs,low,32,10,75,0.435806458,0.156906534,379.5817674,,
csw7low,cs,low,32,10,50,0.051260669,0.147643092,383.9638254,,
csw7low,cs,low,32,10,25,-0.939065398,0.141252575,396.5290791,,
csw7low,cs,low,32,10,0,-1.654920116,0.128811116,407.1500933,,
csw2low,cs,low,32,10,1200,6.230484744,0.427170407,352.6567178,,
csw2low,cs,low,32,10,1000,6.793688637,0.381290107,346.5290134,,
csw2low,cs,low,32,10,500,4.93486828,0.325153841,353.7864816,,
csw2low,cs,low,32,10,200,3.220019038,0.28554202,362.7579141,,
csw2low,cs,low,32,10,100,2.486922257,0.270625221,367.13142,,
csw2low,cs,low,32,10,75,2.00682083,0.238583633,369.0573185,,
csw2low,cs,low,32,10,50,1.490531899,0.226484622,372.6671456,,
csw2low,cs,low,32,10,25,0.093878139,0.210784176,384.515152,,
csw2low,cs,low,32,10,0,-1.756268706,0.195906561,402.0003434,,
csw1low,cs,low,32,10,1200,4.070719217,0.168291284,338.1413305,,
csw1low,cs,low,32,10,1000,4.306479367,0.13221542,324.3920726,,
csw1low,cs,low,32,10,500,2.381991189,0.106555432,343.9245923,,
csw1low,cs,low,32,10,200,1.634630316,0.088274399,351.4611376,,
csw1low,cs,low,32,10,100,0.524544168,0.078188778,371.9530663,,
csw1low,cs,low,32,10,75,-2.681017926,0.072184775,445.9656671,,
csw1low,cs,low,32,10,50,0.652920854,0.064783126,366.4613932,,
csw1low,cs,low,32,10,25,-0.516734641,0.059815689,397.8489583,,
csw1low,cs,low,32,10,0,-0.849392997,0.057043677,408.1380288,,
csw4low,cs,low,32,10,1200,5.50823416,0.124692689,300.4253075,,
csw4low,cs,low,32,10,1000,4.036058052,0.12766046,322.7400921,,
csw4low,cs,low,32,10,500,5.241006237,0.128886079,308.0643813,,
csw4low,cs,low,32,10,200,3.647627674,0.123371617,330.0130215,,
csw4low,cs,low,32,10,100,1.039522217,0.123853794,367.9148857,,
csw4low,cs,low,32,10,75,0.863651831,0.128237902,371.4905089,,
csw4low,cs,low,32,10,50,-0.019999741,0.128211816,384.0292584,,
csw4low,cs,low,32,10,25,0.724015514,0.127602834,374.0127275,,
csw4low,cs,low,32,10,0,-1.442774319,0.118592447,405.5119288,,
csw6low,cs,low,32,10,1200,7.009919018,0.25841668,330.2808379,,
csw6low,cs,low,32,10,1000,5.964119657,0.24974207,337.2034019,,
csw6low,cs,low,32,10,500,4.399295387,0.210670974,344.8985546,,
csw6low,cs,low,32,10,200,4.007548573,0.194738134,346.3176621,,
csw6low,cs,low,32,10,100,1.383142955,0.186564585,371.3788765,,
csw6low,cs,low,32,10,75,1.210917581,0.178717623,372.7898006,,
csw6low,cs,low,32,10,50,0.335812541,0.177102969,381.8427957,,
csw6low,cs,low,32,10,25,-0.782602933,0.153877995,394.5581367,,
csw6low,cs,low,32,10,0,-1.671378111,0.156549229,404.5907328,,
csw3low,cs,low,32,10,1200,2.880579413,0.211849606,359.2381258,,
csw3low,cs,low,32,10,1000,3.975940827,0.193459585,346.5405127,,
csw3low,cs,low,32,10,500,3.751246621,0.176695246,346.2530486,,
csw3low,cs,low,32,10,200,2.980679239,0.15596243,351.118893,,
csw3low,cs,low,32,10,100,1.039190511,0.141286034,372.8040523,,
csw3low,cs,low,32,10,75,1.923024124,0.131813162,359.7615841,,
csw3low,cs,low,32,10,50,0.303713879,0.11515103,380.9954724,,
csw3low,cs,low,32,10,25,0.675734568,0.098516179,373.5246396,,
csw3low,cs,low,32,10,0,-0.211125296,0.099385117,389.0706114,,
csw6med,cs,med,32,10,1200,3.732311026,0.205470912,350.5467577,,
csw6med,cs,med,32,10,1000,3.696282031,0.19375595,349.1764796,,
csw6med,cs,med,32,10,500,2.70668936,0.177314079,356.7850017,,
csw6med,cs,med,32,10,200,1.990629586,0.165812018,363.7849738,,
csw6med,cs,med,32,10,100,1.253830328,0.154141495,371.0170892,,
csw6med,cs,med,32,10,75,0.822309567,0.148452361,375.6652763,,
csw6med,cs,med,32,10,50,0.451608198,0.140805597,380.2333941,,
csw6med,cs,med,32,10,25,0.080002073,0.130155856,384.8687971,,
csw6med,cs,med,32,10,0,-1.116744288,0.123326494,402.0408534,,
csw3med,cs,med,32,10,1200,4.725179247,0.141748462,322.2003198,,
csw3med,cs,med,32,10,1000,4.521714507,0.137173967,323.3843841,,
csw3med,cs,med,32,10,500,4.122205279,0.127760686,325.9341786,,
csw3med,cs,med,32,10,200,2.606889771,0.118404453,344.5058924,,
csw3med,cs,med,32,10,100,1.406033196,0.112614188,361.7091217,,
csw3med,cs,med,32,10,75,1.361652527,0.107247036,361.675915,,
csw3med,cs,med,32,10,50,1.034807942,0.100557763,366.2834926,,
csw3med,cs,med,32,10,25,0.043459161,0.094336197,382.9716432,,
csw3med,cs,med,32,10,0,-0.69197377,0.086202847,397.5504086,,
csw4med,cs,med,32,10,1200,6.551580794,0.191903011,318.801628,,
csw4med,cs,med,32,10,1000,6.559180697,0.17534867,314.1764072,,
csw4med,cs,med,32,10,500,5.552924353,0.160163478,320.3509672,,
csw4med,cs,med,32,10,200,3.450031602,0.14777142,341.5467362,,
csw4med,cs,med,32,10,100,1.955382717,0.137682378,358.5824307,,
csw4med,cs,med,32,10,75,1.516593427,0.129241946,363.009376,,
csw4med,cs,med,32,10,50,1.315450248,0.116024975,364.1727214,,
csw4med,cs,med,32,10,25,0.140552875,0.106645544,381.2348788,,
csw4med,cs,med,32,10,0,-1.252362028,0.091517498,406.7765205,,
csw1med,cs,med,32,10,1200,5.773673184,0.172020442,321.4796052,,
csw1med,cs,med,32,10,1000,6.627793182,0.15008266,303.6226034,,
csw1med,cs,med,32,10,500,5.236907659,0.118600539,306.4397941,,
csw1med,cs,med,32,10,200,3.517043061,0.112632546,330.0890505,,
csw1med,cs,med,32,10,100,1.895445208,0.099355009,351.912624,,
csw1med,cs,med,32,10,75,1.160562376,0.09725872,364.2161406,,
csw1med,cs,med,32,10,50,0.253589718,0.083424558,379.7310024,,
csw1med,cs,med,32,10,25,0.703806726,0.072905571,368.7485871,,
csw1med,cs,med,32,10,0,-1.314615449,0.066996528,417.72367,,
csw2med,cs,med,32,10,1200,7.799080229,0.190886536,307.7597293,,
csw2med,cs,med,32,10,1000,7.330446601,0.180851095,309.0801243,,
csw2med,cs,med,32,10,500,6.691660372,0.172239939,313.4721015,,
csw2med,cs,med,32,10,200,3.69604144,0.165393469,344.8670923,,
csw2med,cs,med,32,10,100,3.119855047,0.163931022,351.1340874,,
csw2med,cs,med,32,10,75,1.977123883,0.16454883,364.1661366,,
csw2med,cs,med,32,10,50,0.757703403,0.153682562,377.302778,,
csw2med,cs,med,32,10,25,0.037245374,0.153240363,386.0695702,,
csw2med,cs,med,32,10,0,-0.405848852,0.134617357,391.458703,,
csw7med,cs,med,32,10,1200,7.277276813,0.209469016,317.2390677,,
csw7med,cs,med,32,10,1000,7.446869979,0.195987243,311.9623078,,
csw7med,cs,med,32,10,500,5.798917855,0.178250145,323.8141553,,
csw7med,cs,med,32,10,200,3.438411519,0.1696884,347.2756911,,
csw7med,cs,med,32,10,100,0.219596609,0.15972948,382.3929285,,
csw7med,cs,med,32,10,75,0.375782561,0.146630662,380.3969613,,
csw7med,cs,med,32,10,50,-0.308003426,0.12759771,389.1537615,,
csw7med,cs,med,32,10,25,0.441769272,0.110607668,377.594825,,
csw7med,cs,med,32,10,0,-1.337720582,0.083560727,411.3768638,,
cshigh,cs,high,32,14,1200,9.659973843,0.118340869,235.3410397,,
cshigh,cs,high,32,14,1000,9.847370337,0.133984081,248.4778729,,
cshigh,cs,high,32,14,500,8.953162118,0.140623844,266.6955063,,
cshigh,cs,high,32,14,200,5.756946216,0.141524929,309.1091237,,
cshigh,cs,high,32,14,100,3.269767277,0.145361548,341.8775302,,
cshigh,cs,high,32,14,75,2.519385572,0.146506232,351.4889661,,
cshigh,cs,high,32,14,50,1.456005601,0.152715597,365.5083681,,
cshigh,cs,high,32,14,25,0.551807872,0.149907463,377.3286874,,
cshigh,cs,high,32,14,0,-0.976925623,0.145570605,395.6571132,,
csw4high,cs,high,32,14,1200,6.815413787,0.142908946,297.5856328,,
csw4high,cs,high,32,14,1000,7.629259636,0.138903001,285.4673605,,
csw4high,cs,high,32,14,500,5.85122299,0.134963577,307.9537672,,
csw4high,cs,high,32,14,200,4.098107163,0.130318318,329.5006569,,
csw4high,cs,high,32,14,100,2.465226263,0.125300393,350.726409,,
csw4high,cs,high,32,14,75,1.998933524,0.121369953,356.2131092,,
csw4high,cs,high,32,14,50,1.074057249,0.114879049,368.5847002,,
csw4high,cs,high,32,14,25,0.534560393,0.113479394,376.381861,,
csw4high,cs,high,32,14,0,-0.857542373,0.104315817,400.4607737,,
csw1high,cs,high,32,14,1200,6.920227859,0.235552843,327.2209594,,
csw1high,cs,high,32,14,1000,7.539024879,0.205198252,315.3422414,,
csw1high,cs,high,32,14,500,5.562231572,0.173867276,325.6467862,,
csw1high,cs,high,32,14,200,3.850475877,0.146816881,337.5181591,,
csw1high,cs,high,32,14,100,2.15173303,0.126206573,354.3024012,,
csw1high,cs,high,32,14,75,1.375019671,0.11053133,362.6230985,,
csw1high,cs,high,32,14,50,0.988260683,0.09555371,367.4740882,,
csw1high,cs,high,32,14,25,0.519874891,0.087281167,375.2677546,,
csw1high,cs,high,32,14,0,-0.908134801,0.075867863,404.7281974,,
csw7high,cs,high,32,14,1200,9.017141674,0.216780526,302.7202237,,
csw7high,cs,high,32,14,1000,9.383306081,0.179542643,286.4770902,,
csw7high,cs,high,32,14,500,6.960621344,0.145710268,298.673169,,
csw7high,cs,high,32,14,200,4.382127287,0.120000916,320.3610273,,
csw7high,cs,high,32,14,100,2.475391841,0.094234106,338.8569433,,
csw7high,cs,high,32,14,75,1.984414397,0.081163353,342.0222843,,
csw7high,cs,high,32,14,50,0.810972591,0.07033159,363.4967968,,
csw7high,cs,high,32,14,25,0.135404517,0.062478011,379.5842881,,
csw7high,cs,high,32,14,0,-0.651302141,0.051940294,404.3172209,,
csw3high,cs,high,32,14,1200,7.549938878,0.277026551,328.1359773,,
csw3high,cs,high,32,14,1000,7.447889737,0.246981069,323.6670163,,
csw3high,cs,high,32,14,500,5.714404178,0.219227111,334.4794895,,
csw3high,cs,high,32,14,200,3.982889349,0.193770238,345.8590218,,
csw3high,cs,high,32,14,100,2.601838872,0.173255054,357.0174993,,
csw3high,cs,high,32,14,75,2.043510072,0.155500964,360.3757442,,
csw3high,cs,high,32,14,50,1.587938589,0.143070746,365.7167751,,
csw3high,cs,high,32,14,25,0.140985205,0.129548821,383.0745718,,
csw3high,cs,high,32,14,0,-0.572023776,0.114360952,393.6030848,,
csw6high,cs,high,32,14,1200,6.234474599,0.175561599,309.6869529,,
csw6high,cs,high,32,14,1000,6.750783188,0.156009259,297.9496037,,
csw6high,cs,high,32,14,500,5.003229448,0.132523772,311.3823055,,
csw6high,cs,high,32,14,200,3.332535084,0.114882778,329.13326,,
csw6high,cs,high,32,14,100,1.989494205,0.103152334,346.9366468,,
csw6high,cs,high,32,14,75,1.438346546,0.09010574,353.8610817,,
csw6high,cs,high,32,14,50,0.807710717,0.082893501,365.1909239,,
csw6high,cs,high,32,14,25,0.107845135,0.074500985,380.3739639,,
csw6high,cs,high,32,14,0,-1.282953526,0.065648366,415.2727231,,
csw7low,cs,low,32,14,1200,3.695317186,0.091648638,312.5659106,,
csw7low,cs,low,32,14,1000,4.061964783,0.089110352,303.7750504,,
csw7low,cs,low,32,14,500,3.492164229,0.083992294,311.3539705,,
csw7low,cs,low,32,14,200,3.242361785,0.079866906,315.6384465,,
csw7low,cs,low,32,14,100,1.559724429,0.076588113,349.2054083,,
csw7low,cs,low,32,14,75,1.610612823,0.074361089,346.9720818,,
csw7low,cs,low,32,14,50,0.593196082,0.068361697,369.7655759,,
csw7low,cs,low,32,14,25,0.330359605,0.063225317,375.218735,,
csw7low,cs,low,32,14,0,-1.302162182,0.055449008,425.1977031,,
csw4low,cs,low,32,14,1200,6.839732435,0.116259953,279.9211508,,
csw4low,cs,low,32,14,1000,7.494714716,0.12798496,281.3852123,,
csw4low,cs,low,32,14,500,5.376926894,0.139658668,316.4148573,,
csw4low,cs,low,32,14,200,3.731933413,0.144838186,339.5646604,,
csw4low,cs,low,32,14,100,2.108710554,0.145528072,360.993504,,
csw4low,cs,low,32,14,75,1.939878313,0.141368283,361.850629,,
csw4low,cs,low,32,14,50,1.024331185,0.135838662,372.7896292,,
csw4low,cs,low,32,14,25,0.379220256,0.123134793,380.2385685,,
csw4low,cs,low,32,14,0,-1.300599047,0.110681729,407.978811,,
csw1low,cs,low,32,14,1200,4.691682492,0.058145785,243.8062471,,
csw1low,cs,low,32,14,1000,4.160633407,0.060049821,263.1955504,,
csw1low,cs,low,32,14,500,4.128409934,0.062130331,268.185048,,
csw1low,cs,low,32,14,200,2.177415046,0.059717264,318.513265,,
csw1low,cs,low,32,14,100,2.064610387,0.060658123,322.921011,,
csw1low,cs,low,32,14,75,2.124314693,0.056596862,319.0955526,,
csw1low,cs,low,32,14,50,0.886927636,0.054495307,354.5396434,,
csw1low,cs,low,32,14,25,0.496508703,0.046060505,363.9023271,,
csw1low,cs,low,32,14,0,-0.918746334,0.042209735,417.0202383,,
csw2low,cs,low,32,14,1200,6.068216579,0.243423235,334.9659187,,
csw2low,cs,low,32,14,1000,4.706636276,0.224482314,343.3527733,,
csw2low,cs,low,32,14,500,5.317783805,0.198376114,333.6152637,,
csw2low,cs,low,32,14,200,2.445130333,0.180429878,359.3857071,,
csw2low,cs,low,32,14,100,2.920795062,0.16172377,351.4802774,,
csw2low,cs,low,32,14,75,2.327437708,0.149400084,356.1750353,,
csw2low,cs,low,32,14,50,0.978110281,0.140642479,371.57168,,
csw2low,cs,low,32,14,25,0.59385883,0.131636957,375.774457,,
csw2low,cs,low,32,14,0,-0.988065087,0.123974344,398.0840122,,
csw6low,cs,low,32,14,1200,4.681679226,0.130761709,320.5152435,,
csw6low,cs,low,32,14,1000,2.929837012,0.137670188,345.9232399,,
csw6low,cs,low,32,14,500,4.828922457,0.141832862,324.243136,,
csw6low,cs,low,32,14,200,2.622044803,0.13851492,350.4491293,,
csw6low,cs,low,32,14,100,1.676626984,0.140544698,364.9653881,,
csw6low,cs,low,32,14,75,0.194091309,0.133155784,383.2758793,,
csw6low,cs,low,32,14,50,3.060513383,0.122977332,342.5009941,,
csw6low,cs,low,32,14,25,0.662119839,0.123228366,376.8056758,,
csw6low,cs,low,32,14,0,0.437240488,0.111200504,378.9209511,,
csw3low,cs,low,32,14,1200,4.112253507,0.115623378,320.673859,,
csw3low,cs,low,32,14,1000,4.079399906,0.119213158,323.345416,,
csw3low,cs,low,32,14,500,3.53472144,0.117671723,332.355064,,
csw3low,cs,low,32,14,200,4.534487392,0.123036817,321.4833866,,
csw3low,cs,low,32,14,100,2.14739811,0.118783656,354.3396101,,
csw3low,cs,low,32,14,75,1.735924723,0.116348528,359.9064348,,
csw3low,cs,low,32,14,50,1.59652932,0.106862626,360.1852928,,
csw3low,cs,low,32,14,25,0.699430924,0.098916006,373.7494885,,
csw3low,cs,low,32,14,0,0.740384189,0.095939929,372.3706233,,
csw4med,cs,med,32,14,1200,5.086449557,0.116678375,304.6812346,,
csw4med,cs,med,32,14,1000,5.209902396,0.111117671,299.7788516,,
csw4med,cs,med,32,14,500,5.27995145,0.109935342,299.1315056,,
csw4med,cs,med,32,14,200,5.61375741,0.107526364,292.6556861,,
csw4med,cs,med,32,14,100,2.620811883,0.107551425,341.4662291,,
csw4med,cs,med,32,14,75,3.501887438,0.095391681,320.6675127,,
csw4med,cs,med,32,14,50,0.663158634,0.080794888,370.0258468,,
csw4med,cs,med,32,14,25,-0.078712884,0.076978536,385.7208075,,
csw4med,cs,med,32,14,0,-0.423434079,0.068369136,394.295486,,
csw1med,cs,med,32,14,1200,5.246808864,0.094518722,284.7763459,,
csw1med,cs,med,32,14,1000,5.56168651,0.090689061,275.6205325,,
csw1med,cs,med,32,14,500,3.966027479,0.082667654,300.7652299,,
csw1med,cs,med,32,14,200,2.677225915,0.079655753,326.2649641,,
csw1med,cs,med,32,14,100,2.11055826,0.070455926,333.1912736,,
csw1med,cs,med,32,14,75,1.579908296,0.063663918,342.1691412,,
csw1med,cs,med,32,14,50,1.626601805,0.059803569,338.379521,,
csw1med,cs,med,32,14,25,0.543110365,0.053580914,366.9153736,,
csw1med,cs,med,32,14,0,-0.761902439,0.046918491,410.1317245,,
csw6med,cs,med,32,14,1200,5.280970697,0.209928007,334.8103863,,
csw6med,cs,med,32,14,1000,4.753785812,0.209683851,339.9918582,,
csw6med,cs,med,32,14,500,4.236665211,0.208751031,344.8777471,,
csw6med,cs,med,32,14,200,3.153517245,0.199484626,354.3470176,,
csw6med,cs,med,32,14,100,2.799002296,0.192666421,357.1402425,,
csw6med,cs,med,32,14,75,1.773797443,0.189331976,366.9626478,,
csw6med,cs,med,32,14,50,1.097881439,0.181777403,373.4354516,,
csw6med,cs,med,32,14,25,0.520741227,0.172384447,379.0763714,,
csw6med,cs,med,32,14,0,-1.225451008,0.16000955,398.6606631,,
csw3med,cs,med,32,14,1200,7.347957719,0.25249198,321.836561,,
csw3med,cs,med,32,14,1000,6.899974411,0.237466107,323.1871884,,
csw3med,cs,med,32,14,500,5.636525488,0.222212045,332.0565762,,
csw3med,cs,med,32,14,200,3.709558585,0.20310426,347.1032204,,
csw3med,cs,med,32,14,100,1.497956869,0.19194379,367.8549078,,
csw3med,cs,med,32,14,75,2.07971497,0.177124332,359.7210402,,
csw3med,cs,med,32,14,50,0.270434667,0.164647448,378.7412566,,
csw3med,cs,med,32,14,25,1.002140672,0.147163656,369.9966055,,
csw3med,cs,med,32,14,0,-0.607617042,0.135622135,391.383983,,
csw1med,cs,med,32,14,1200,6.604775318,0.108200223,273.1878688,,
csw1med,cs,med,32,14,1000,5.816918137,0.09350448,272.9652077,,
csw1med,cs,med,32,14,500,4.326265303,0.077294789,285.52131,,
csw1med,cs,med,32,14,200,3.294787255,0.071820779,303.4823658,,
csw1med,cs,med,32,14,100,2.898647595,0.064661596,305.835224,,
csw1med,cs,med,32,14,75,1.419027311,0.057978566,340.2796405,,
csw1med,cs,med,32,14,50,0.289125165,0.053369792,371.8680139,,
csw1med,cs,med,32,14,25,0.919332834,0.0444042,346.917877,,
csw1med,cs,med,32,14,0,-1.418132676,0.040594359,437.711025,,
csw4med,cs,med,32,14,1200,4.609403043,0.195825766,337.6646077,,
csw4med,cs,med,32,14,1000,5.462840131,0.175994124,324.5501084,,
csw4med,cs,med,32,14,500,4.146535851,0.162150007,335.7501549,,
csw4med,cs,med,32,14,200,2.671101143,0.147016054,350.1071958,,
csw4med,cs,med,32,14,100,1.68463328,0.135465703,360.7592769,,
csw4med,cs,med,32,14,75,0.251033703,0.120637268,379.2110662,,
csw4med,cs,med,32,14,50,0.394850667,0.111491283,376.6180387,,
csw4med,cs,med,32,14,25,0.201678217,0.105164158,379.4645163,,
csw4med,cs,med,32,14,0,0.051148239,0.094495798,381.5672219,,
pa5bhigh,pa,high,25,10,1200,15.23754173,0.302474671,280.2729901,,
pa5bhigh,pa,high,25,10,1000,14.855643,0.31075193,285.3651739,,
pa5bhigh,pa,high,25,10,500,12.1871685,0.295284797,299.0224991,,
pa5bhigh,pa,high,25,10,200,7.928427552,0.272047059,325.3182136,,
pa5bhigh,pa,high,25,10,100,4.668022439,0.235932363,345.952058,,
pa5bhigh,pa,high,25,10,75,3.44317384,0.218482829,354.6557469,,
pa5bhigh,pa,high,25,10,50,2.16028339,0.181476587,363.2031208,,
pa5bhigh,pa,high,25,10,25,0.687705851,0.138621615,377.8227949,,
pa5bhigh,pa,high,25,10,0,-1.027499394,0.080601322,413.3147809,,
pahigh,pa,high,25,10,1200,12.66854381,0.219180484,269.1024123,,
pahigh,pa,high,25,10,1000,12.53041407,0.223090604,272.0651144,,
pahigh,pa,high,25,10,500,10.67111256,0.226027977,289.6293578,,
pahigh,pa,high,25,10,200,7.41723377,0.227681159,319.6041187,,
pahigh,pa,high,25,10,100,4.376531558,0.210461827,344.1329359,,
pahigh,pa,high,25,10,75,3.294916421,0.195403022,352.549152,,
pahigh,pa,high,25,10,50,2.064430695,0.16247115,361.0775328,,
pahigh,pa,high,25,10,25,0.78575602,0.119325432,373.5147204,,
pahigh,pa,high,25,10,0,-0.995648489,0.057958,419.4747726,,
pa6bhigh,pa,high,25,10,1200,12.29394462,0.239071626,282.4865983,,
pa6bhigh,pa,high,25,10,1000,12.08793385,0.244374817,286.0468641,,
pa6bhigh,pa,high,25,10,500,10.08175172,0.230465008,297.6846963,,
pa6bhigh,pa,high,25,10,200,6.834560097,0.174724217,308.251441,,
pa6bhigh,pa,high,25,10,100,4.204810419,0.149635124,330.4935636,,
pa6bhigh,pa,high,25,10,75,3.166537047,0.129544122,337.9910674,,
pa6bhigh,pa,high,25,10,50,2.201784436,0.118785839,349.7576254,,
pa6bhigh,pa,high,25,10,25,0.927345426,0.096267383,367.235322,,
pa6bhigh,pa,high,25,10,0,-0.746636467,0.080508733,404.0747725,,
pa15chigh,pa,high,25,10,1200,13.65924868,0.27194326,284.1339092,,
pa15chigh,pa,high,25,10,1000,13.64978827,0.28094161,287.0913701,,
pa15chigh,pa,high,25,10,500,11.24428273,0.277662338,303.2463738,,
pa15chigh,pa,high,25,10,200,7.355731574,0.265438516,329.6081145,,
pa15chigh,pa,high,25,10,100,4.236260393,0.216838372,346.7134009,,
pa15chigh,pa,high,25,10,75,3.360839076,0.177693971,348.4411369,,
pa15chigh,pa,high,25,10,50,2.051647104,0.151118538,359.3177458,,
pa15chigh,pa,high,25,10,25,0.6428644,0.130292785,376.6107238,,
pa15chigh,pa,high,25,10,0,-1.138558383,0.11035177,406.4977806,,
pa7blow,pa,low,25,10,1200,9.601827327,0.225867718,292.1402182,,
pa7blow,pa,low,25,10,1000,9.810914987,0.258943035,301.6096728,,
pa7blow,pa,low,25,10,500,8.72865926,0.255811976,309.5257092,,
pa7blow,pa,low,25,10,200,6.426998318,0.242888992,326.740771,,
pa7blow,pa,low,25,10,100,4.260585586,0.229457974,344.7357496,,
pa7blow,pa,low,25,10,75,3.26950711,0.182658219,347.1198592,,
pa7blow,pa,low,25,10,50,2.048259253,0.132929903,353.107366,,
pa7blow,pa,low,25,10,25,0.74962442,0.099185225,369.5458138,,
pa7blow,pa,low,25,10,0,-0.292234539,0.018917066,415.5427337,,
pa5alow,pa,low,25,10,1200,9.858866794,0.232520091,297.7431567,,
pa5alow,pa,low,25,10,1000,10.15917161,0.270009375,307.126437,,
pa5alow,pa,low,25,10,500,9.321753386,0.273395387,314.3803161,,
pa5alow,pa,low,25,10,200,6.637984861,0.237576979,328.2897561,,
pa5alow,pa,low,25,10,100,3.930568014,0.181383628,341.9261857,,
pa5alow,pa,low,25,10,75,3.059120489,0.161240105,347.7198286,,
pa5alow,pa,low,25,10,50,1.883716284,0.134781209,357.9369288,,
pa5alow,pa,low,25,10,25,0.658639406,0.112628603,374.2830984,,
pa5alow,pa,low,25,10,0,-0.765199387,0.071638378,406.5576988,,
pa15alow,pa,low,25,10,1200,6.772436295,0.139867591,290.0310102,,
pa15alow,pa,low,25,10,1000,8.297091619,0.182846992,294.9248266,,
pa15alow,pa,low,25,10,500,7.922642745,0.208985895,309.1458256,,
pa15alow,pa,low,25,10,200,5.647182422,0.217668524,333.2304386,,
pa15alow,pa,low,25,10,100,3.716074898,0.206564592,349.6663807,,
pa15alow,pa,low,25,10,75,2.769079962,0.173172873,353.7915262,,
pa15alow,pa,low,25,10,50,1.813994532,0.137615857,359.6917023,,
pa15alow,pa,low,25,10,25,0.59544119,0.113825744,375.6634197,,
pa15alow,pa,low,25,10,0,-1.041965714,0.083666254,410.2317888,,
pa14clow,pa,low,25,10,1200,7.001791521,0.202687465,314.7305625,,
pa14clow,pa,low,25,10,1000,6.987072557,0.200946813,314.2827457,,
pa14clow,pa,low,25,10,500,6.31583142,0.190565034,317.4810886,,
pa14clow,pa,low,25,10,200,4.840535645,0.163528511,325.1790915,,
pa14clow,pa,low,25,10,100,3.373745809,0.139621554,336.7672175,,
pa14clow,pa,low,25,10,75,2.678413378,0.12462085,342.4663445,,
pa14clow,pa,low,25,10,50,1.970096766,0.108988555,349.7104421,,
pa14clow,pa,low,25,10,25,0.780169273,0.084567413,367.9024711,,
pa14clow,pa,low,25,10,0,-0.620556066,0.070313331,404.1622581,,
pa6alow,pa,low,25,10,1200,5.655627119,0.107130896,294.0439987,,
pa6alow,pa,low,25,10,1000,5.969688354,0.116067404,296.1217497,,
pa6alow,pa,low,25,10,500,6.571531357,0.117308936,288.6592327,,
pa6alow,pa,low,25,10,200,4.805039353,0.117099491,315.6561061,,
pa6alow,pa,low,25,10,100,3.340881251,0.111268806,335.6470749,,
pa6alow,pa,low,25,10,75,3.047285838,0.104865724,337.5612609,,
pa6alow,pa,low,25,10,50,2.187194881,0.095155729,348.560442,,
pa6alow,pa,low,25,10,25,0.067551442,0.077911328,386.9445093,,
pa6alow,pa,low,25,10,0,-0.787442865,0.050294996,414.1466284,,
pa5alow,pa,low,25,10,1200,6.946287685,0.107871442,274.1354489,,
pa5alow,pa,low,25,10,1000,7.417142687,0.115972144,274.3019912,,
pa5alow,pa,low,25,10,500,7.166565568,0.122295437,283.7675918,,
pa5alow,pa,low,25,10,200,6.209018647,0.119602494,296.248349,,
pa5alow,pa,low,25,10,100,4.088610037,0.102235624,318.4739783,,
pa5alow,pa,low,25,10,75,3.423508439,0.086744705,320.4111559,,
pa5alow,pa,low,25,10,50,1.948866862,0.061609434,335.0508945,,
pa5alow,pa,low,25,10,25,1.144323548,0.032932505,331.2147999,,
pa5alow,pa,low,25,10,0,-0.548059981,0.012828256,456.0052216,,
pa5cmed,pa,med,25,10,1200,11.7046342,0.257322467,290.093202,,
pa5cmed,pa,med,25,10,1000,11.52084435,0.255757345,290.9457117,,
pa5cmed,pa,med,25,10,500,9.463246094,0.247543779,304.8790413,,
pa5cmed,pa,med,25,10,200,6.205358478,0.235022172,330.3527435,,
pa5cmed,pa,med,25,10,100,3.485012577,0.20284683,350.4131014,,
pa5cmed,pa,med,25,10,75,2.423056552,0.151789435,353.3068316,,
pa5cmed,pa,med,25,10,50,1.28384979,0.094667749,358.6735794,,
pa5cmed,pa,med,25,10,25,0.219229291,0.055593115,378.387489,,
pa5cmed,pa,med,25,10,0,-0.248386174,0.009066285,433.5357651,,
pa14bmed,pa,med,25,10,1200,9.050826967,0.163321422,267.7588049,,
pa14bmed,pa,med,25,10,1000,9.57086604,0.188600369,276.4190304,,
pa14bmed,pa,med,25,10,500,8.62413253,0.190968102,287.5206464,,
pa14bmed,pa,med,25,10,200,6.383664363,0.191732313,313.2636045,,
pa14bmed,pa,med,25,10,100,4.095125486,0.186410788,338.5017184,,
pa14bmed,pa,med,25,10,75,3.307525597,0.188354802,348.2370012,,
pa14bmed,pa,med,25,10,50,2.135003048,0.182320883,361.3524223,,
pa14bmed,pa,med,25,10,25,0.84309772,0.178978915,376.8241188,,
pa14bmed,pa,med,25,10,0,-0.874009846,0.165831298,398.6408995,,
pa6cmed,pa,med,25,10,1200,10.84088019,0.316489131,313.1592325,,
pa6cmed,pa,med,25,10,1000,10.85164239,0.354393615,320.1575102,,
pa6cmed,pa,med,25,10,500,9.655618148,0.360054949,328.284981,,
pa6cmed,pa,med,25,10,200,6.877211757,0.346811079,343.8746109,,
pa6cmed,pa,med,25,10,100,3.957201091,0.269227085,355.8713722,,
pa6cmed,pa,med,25,10,75,3.039733425,0.208998146,356.5650939,,
pa6cmed,pa,med,25,10,50,1.963694377,0.169485791,362.7617643,,
pa6cmed,pa,med,25,10,25,0.706922438,0.136998036,375.70613,,
pa6cmed,pa,med,25,10,0,-0.854655864,0.0815751,405.7339518,,
pa7amed,pa,med,25,10,1200,10.70744346,0.233871297,294.2368332,,
pa7amed,pa,med,25,10,1000,11.00920742,0.249019361,297.0332681,,
pa7amed,pa,med,25,10,500,9.618983017,0.246288635,307.2248308,,
pa7amed,pa,med,25,10,200,6.65085869,0.222198799,325.9347629,,
pa7amed,pa,med,25,10,100,3.894874636,0.168715468,340.1982043,,
pa7amed,pa,med,25,10,75,2.936709938,0.135183577,343.1518229,,
pa7amed,pa,med,25,10,50,1.844018284,0.118636525,355.2362951,,
pa7amed,pa,med,25,10,25,0.593783374,0.087379379,372.2730068,,
pa7amed,pa,med,25,10,0,-0.718135594,0.050103521,412.5319771,,
pa5bmed,pa,med,25,10,1200,8.778835169,0.131395842,267.9144388,,
pa5bmed,pa,med,25,10,1000,11.00363053,0.157273968,264.0456902,,
pa5bmed,pa,med,25,10,500,8.992073876,0.155882149,283.7849499,,
pa5bmed,pa,med,25,10,200,6.745146535,0.146604616,308.5170588,,
pa5bmed,pa,med,25,10,100,3.696225535,0.135538334,338.7784507,,
pa5bmed,pa,med,25,10,75,2.863789093,0.117789535,346.5014393,,
pa5bmed,pa,med,25,10,50,2.667158884,0.098968345,342.4981767,,
pa5bmed,pa,med,25,10,25,1.350474597,0.074599401,360.4618696,,
pa5bmed,pa,med,25,10,0,-0.556968621,0.048483478,409.4838455,,
pa14bmed,pa,med,25,10,1200,6.402167011,0.089539604,264.0927547,,
pa14bmed,pa,med,25,10,1000,7.360466933,0.097716413,256.467854,,
pa14bmed,pa,med,25,10,500,7.180806584,0.104830951,267.8560796,,
pa14bmed,pa,med,25,10,200,5.854593911,0.103372992,289.1607814,,
pa14bmed,pa,med,25,10,100,3.8135525,0.096593903,319.5794593,,
pa14bmed,pa,med,25,10,75,2.960936535,0.085989857,330.1903916,,
pa14bmed,pa,med,25,10,50,1.926594318,0.071301929,343.3638395,,
pa14bmed,pa,med,25,10,25,0.83705475,0.053264447,362.5532191,,
pa14bmed,pa,med,25,10,0,-0.571966664,0.035047665,414.8727387,,
pahigh,pa,high,25,14,1200,15.2,0.293,277,,
pahigh,pa,high,25,14,1000,15.6,0.321,283,,
pahigh,pa,high,25,14,500,13.9,0.315,294,,
pahigh,pa,high,25,14,200,9.97,0.306,319,,
pahigh,pa,high,25,14,100,6.29,0.297,343,,
pahigh,pa,high,25,14,75,4.76,0.266,350,,
pahigh,pa,high,25,14,50,3.33,0.225,357,,
pahigh,pa,high,25,14,25,1.42,0.193,372,,
pahigh,pa,high,25,14,0,-0.867,0.143,398,,
pa5bhigh,pa,high,25,14,1200,15.2,0.242,262,,
pa5bhigh,pa,high,25,14,1000,15.9,0.283,274,,
pa5bhigh,pa,high,25,14,500,13.2,0.276,290,,
pa5bhigh,pa,high,25,14,200,8.98,0.243,313,,
pa5bhigh,pa,high,25,14,100,5.76,0.193,328,,
pa5bhigh,pa,high,25,14,75,4.22,0.138,327,,
pa5bhigh,pa,high,25,14,50,0.347,0.0116,332,,
pa5bhigh,pa,high,25,14,25,1.09,0.0671,356,,
pa5bhigh,pa,high,25,14,0,-1.17,0.0342,450,,
pa15chigh,pa,high,25,14,1200,10.7,0.157,254,,
pa15chigh,pa,high,25,14,1000,10.8,0.18,269,,
pa15chigh,pa,high,25,14,500,9.78,0.174,276,,
pa15chigh,pa,high,25,14,200,7.33,0.146,289,,
pa15chigh,pa,high,25,14,100,5.08,0.113,300,,
pa15chigh,pa,high,25,14,75,4.25,0.0937,299,,
pa15chigh,pa,high,25,14,50,3.12,0.0785,310,,
pa15chigh,pa,high,25,14,25,1.3,0.0649,348,,
pa15chigh,pa,high,25,14,0,-0.66,0.0367,419,,
pa6bhigh,pa,high,25,14,1200,14,0.217,258,,
pa6bhigh,pa,high,25,14,1000,14.9,0.281,279,,
pa6bhigh,pa,high,25,14,500,12.6,0.278,294,,
pa6bhigh,pa,high,25,14,200,8.9,0.255,315,,
pa6bhigh,pa,high,25,14,100,5.67,0.196,328,,
pa6bhigh,pa,high,25,14,75,4.26,0.132,323,,
pa6bhigh,pa,high,25,14,50,2.81,0.0809,319,,
pa6bhigh,pa,high,25,14,25,1.14,0.0431,335,,
pa6bhigh,pa,high,25,14,0,-0.234,0.00497,462,,
pa5chigh,pa,high,25,14,1200,9.557122941,0.088031118,200.1853654,,
pa5chigh,pa,high,25,14,1000,10.98087379,0.127651281,233.9893604,,
pa5chigh,pa,high,25,14,500,9.261108069,0.126297349,257.6269803,,
pa5chigh,pa,high,25,14,200,6.23876657,0.101447464,281.5494133,,
pa5chigh,pa,high,25,14,100,4.241150479,0.075831582,293.8902707,,
pa5chigh,pa,high,25,14,75,2.025818166,0.05284928,325.2720154,,
pa5chigh,pa,high,25,14,50,1.204380178,0.035861487,333.9589645,,
pa5chigh,pa,high,25,14,25,1.116095283,0.024611602,315.3810035,,
pa5chigh,pa,high,25,14,0,-0.703468828,0.012417874,479.3391186,,
pa14chigh,pa,high,25,14,1200,12.27774704,0.206185048,274.8247555,,
pa14chigh,pa,high,25,14,1000,13.00513798,0.23252848,279.4485545,,
pa14chigh,pa,high,25,14,500,11.74925572,0.214783892,283.6980608,,
pa14chigh,pa,high,25,14,200,7.803698946,0.189974593,311.9605758,,
pa14chigh,pa,high,25,14,100,3.505604433,0.136372777,343.0394889,,
pa14chigh,pa,high,25,14,75,2.862115952,0.101778795,340.1698913,,
pa14chigh,pa,high,25,14,50,1.875282393,0.08694823,352.0972684,,
pa14chigh,pa,high,25,14,25,1.024816867,0.086908645,369.126177,,
pa14chigh,pa,high,25,14,0,-0.535038467,0.06164786,403.7116486,,
pa5alow,pa,low,25,14,1200,9.95,0.227,299,,
pa5alow,pa,low,25,14,1000,9.53,0.202,293,,
pa5alow,pa,low,25,14,500,8.52,0.187,296,,
pa5alow,pa,low,25,14,200,6.74,0.167,307,,
pa5alow,pa,low,25,14,100,4.79,0.144,321,,
pa5alow,pa,low,25,14,75,4.19,0.124,321,,
pa5alow,pa,low,25,14,50,2.9,0.0923,326,,
pa5alow,pa,low,25,14,25,1.29,0.0583,345,,
pa5alow,pa,low,25,14,0,-0.858,0.0321,436,,
pa15clow,pa,low,25,14,1200,9.67,0.193,282,,
pa15clow,pa,low,25,14,1000,9.87,0.193,281,,
pa15clow,pa,low,25,14,500,9.53,0.197,286,,
pa15clow,pa,low,25,14,200,7.97,0.2,304,,
pa15clow,pa,low,25,14,100,5.39,0.185,328,,
pa15clow,pa,low,25,14,75,4.31,0.163,334,,
pa15clow,pa,low,25,14,50,2.99,0.12,338,,
pa15clow,pa,low,25,14,25,1.25,0.0678,351,,
pa15clow,pa,low,25,14,0,-0.737,0.0393,421,,
pa7blow,pa,low,25,14,1200,8.35,0.142,274,,
pa7blow,pa,low,25,14,1000,8.63,0.156,280,,
pa7blow,pa,low,25,14,500,8.3,0.162,287,,
pa7blow,pa,low,25,14,200,7.15,0.151,295,,
pa7blow,pa,low,25,14,100,4.98,0.122,308,,
pa7blow,pa,low,25,14,75,4.04,0.0965,307,,
pa7blow,pa,low,25,14,50,2.92,0.0699,308,,
pa7blow,pa,low,25,14,25,1.27,0.0368,322,,
pa7blow,pa,low,25,14,0,-0.154,0.00421,445,,
pa14clow,pa,low,25,14,1200,8.82,0.235,312,,
pa14clow,pa,low,25,14,1000,8.82,0.242,314,,
pa14clow,pa,low,25,14,500,7.93,0.221,315,,
pa14clow,pa,low,25,14,200,6.12,0.173,318,,
pa14clow,pa,low,25,14,100,4.48,0.129,320,,
pa14clow,pa,low,25,14,75,0.445,0.0116,317,,
pa14clow,pa,low,25,14,50,2.23,0.0552,310,,
pa14clow,pa,low,25,14,25,1.48,0.0521,333,,
pa14clow,pa,low,25,14,0,-0.617,0.0237,435,,
pa5alow,pa,low,25,14,1200,10.78914989,0.134832324,243.6747021,,
pa5alow,pa,low,25,14,1000,11.7455276,0.156925237,250.4985552,,
pa5alow,pa,low,25,14,500,11.04138571,0.165139479,264.95119,,
pa5alow,pa,low,25,14,200,7.909045802,0.154668677,295.2584392,,
pa5alow,pa,low,25,14,100,3.773042676,0.138742425,340.1454301,,
pa5alow,pa,low,25,14,75,3.773537071,0.121291088,333.7960378,,
pa5alow,pa,low,25,14,50,2.296733346,0.102181472,349.962531,,
pa5alow,pa,low,25,14,25,0.979106215,0.078926772,367.8875441,,
pa5alow,pa,low,25,14,0,-1.129663895,0.043043119,432.0195312,,
palow,pa,low,25,14,1200,11.58831081,0.178107336,266.9782077,,
palow,pa,low,25,14,1000,11.03699126,0.19281406,280.1510348,,
palow,pa,low,25,14,500,10.79570785,0.188349861,280.7612798,,
palow,pa,low,25,14,200,8.430149197,0.172160852,298.1042434,,
palow,pa,low,25,14,100,4.512722472,0.166249749,338.9724191,,
palow,pa,low,25,14,75,4.109065921,0.147607689,338.4624166,,
palow,pa,low,25,14,50,1.38565381,0.123577671,369.2188931,,
palow,pa,low,25,14,25,-0.401682255,0.103233821,395.7296556,,
palow,pa,low,25,14,0,-0.97271835,0.069396926,412.5086796,,
pa14bmed,pa,med,25,14,1200,11.6,0.296,302,,
pa14bmed,pa,med,25,14,1000,11.8,0.309,304,,
pa14bmed,pa,med,25,14,500,10.9,0.295,307,,
pa14bmed,pa,med,25,14,200,8.23,0.264,320,,
pa14bmed,pa,med,25,14,100,5.6,0.233,336,,
pa14bmed,pa,med,25,14,75,4.45,0.204,343,,
pa14bmed,pa,med,25,14,50,3.09,0.173,351,,
pa14bmed,pa,med,25,14,25,0.154,0.014,366,,
pa14bmed,pa,med,25,14,0,-0.548,0.0572,404,,
pa5cmed,pa,med,25,14,1200,11.9,0.221,280,,
pa5cmed,pa,med,25,14,1000,12.4,0.267,292,,
pa5cmed,pa,med,25,14,500,11.1,0.275,304,,
pa5cmed,pa,med,25,14,200,8.44,0.244,317,,
pa5cmed,pa,med,25,14,100,5.61,0.193,329,,
pa5cmed,pa,med,25,14,75,4.33,0.147,329,,
pa5cmed,pa,med,25,14,50,2.97,0.108,333,,
pa5cmed,pa,med,25,14,25,1.19,0.0637,351,,
pa5cmed,pa,med,25,14,0,-0.793,0.024,448,,
pa7amed,pa,med,25,14,1200,7.44,0.127,274,,
pa7amed,pa,med,25,14,1000,8.2,0.167,291,,
pa7amed,pa,med,25,14,500,8.33,0.182,297,,
pa7amed,pa,med,25,14,200,6.82,0.172,309,,
pa7amed,pa,med,25,14,100,4.87,0.133,316,,
pa7amed,pa,med,25,14,75,3.82,0.0935,309,,
pa7amed,pa,med,25,14,50,2.61,0.0642,310,,
pa7amed,pa,med,25,14,25,1.36,0.0435,328,,
pa7amed,pa,med,25,14,0,-0.136,0.00504,430,,
pa6cmed,pa,med,25,14,1200,11,0.191,275,,
pa6cmed,pa,med,25,14,1000,11.1,0.222,288,,
pa6cmed,pa,med,25,14,500,10.3,0.228,298,,
pa6cmed,pa,med,25,14,200,7.55,0.214,318,,
pa6cmed,pa,med,25,14,100,5.32,0.188,332,,
pa6cmed,pa,med,25,14,75,4.07,0.13,328,,
pa6cmed,pa,med,25,14,50,2.83,0.0839,324,,
pa6cmed,pa,med,25,14,25,1.02,0.0471,346,,
pa6cmed,pa,med,25,14,0,-0.863,0.0225,453,,
pa6bmed,pa,med,25,14,1200,13.06175021,0.108960765,172.9046366,,
pa6bmed,pa,med,25,14,1000,13.27022972,0.117646826,183.8165616,,
pa6bmed,pa,med,25,14,500,11.64775011,0.11257803,201.6303541,,
pa6bmed,pa,med,25,14,200,7.82554351,0.103098977,251.2315068,,
pa6bmed,pa,med,25,14,100,4.656572746,0.092212523,297.5092375,,
pa6bmed,pa,med,25,14,75,3.674714718,0.081232542,306.8440232,,
pa6bmed,pa,med,25,14,50,2.596126164,0.067608034,319.3153699,,
pa6bmed,pa,med,25,14,25,0.948101977,0.055652854,355.1399828,,
pa6bmed,pa,med,25,14,0,-0.342315788,0.043904254,395.9395706,,
pa5bmed,pa,med,25,14,1200,10.54428441,0.066179476,115.5751603,,
pa5bmed,pa,med,25,14,1000,11.82030021,0.079608572,130.4966094,,
pa5bmed,pa,med,25,14,500,10.68752173,0.074590224,140.8514239,,
pa5bmed,pa,med,25,14,200,7.250069125,0.059302298,179.1993254,,
pa5bmed,pa,med,25,14,100,4.466845568,0.047268631,226.8831559,,
pa5bmed,pa,med,25,14,75,3.530826114,0.036950584,228.2525835,,
pa5bmed,pa,med,25,14,50,2.294860342,0.026632059,244.4836857,,
pa5bmed,pa,med,25,14,25,1.059699852,0.016113892,278.2956424,,
pa5bmed,pa,med,25,14,0,-0.547123631,0.006636203,513.0928472,,
pa6bhigh,pa,high,32,10,1200,13.5270279,0.10619791,156.1770037,,
pa6bhigh,pa,high,32,10,1000,12.6339452,0.101796193,162.4658221,,
pa6bhigh,pa,high,32,10,500,10.68416364,0.090379334,175.7474908,,
pa6bhigh,pa,high,32,10,200,7.078484653,0.079995659,227.9802213,,
pa6bhigh,pa,high,32,10,100,3.271922985,0.073227536,303.5989373,,
pa6bhigh,pa,high,32,10,75,2.390774978,0.067715667,319.6456572,,
pa6bhigh,pa,high,32,10,50,1.621048612,0.060800913,334.1050986,,
pa6bhigh,pa,high,32,10,25,0.418098396,0.054435608,365.587712,,
pa6bhigh,pa,high,32,10,0,-1.574395328,0.046422522,433.3734824,,
pa15chigh,pa,high,32,10,1200,11.56021001,0.290496,304.548882,,
pa15chigh,pa,high,32,10,1000,11.95727995,0.347568147,313.3011755,,
pa15chigh,pa,high,32,10,500,10.36625524,0.399978918,331.0396261,,
pa15chigh,pa,high,32,10,200,6.432129627,0.426957003,355.6653791,,
pa15chigh,pa,high,32,10,100,3.490270377,0.415415737,371.3102936,,
pa15chigh,pa,high,32,10,75,2.554046876,0.394541934,375.8828356,,
pa15chigh,pa,high,32,10,50,1.468977964,0.358336958,381.503665,,
pa15chigh,pa,high,32,10,25,0.327959867,0.311361423,388.3519757,,
pa15chigh,pa,high,32,10,0,-1.905366412,0.262861135,404.8004901,,
pa14ahigh,pa,high,32,10,1200,8.602803472,0.180379998,294.6581893,,
pa14ahigh,pa,high,32,10,1000,8.851953019,0.204283671,301.822346,,
pa14ahigh,pa,high,32,10,500,8.032339086,0.218032902,315.000544,,
pa14ahigh,pa,high,32,10,200,5.361726823,0.218673083,339.6039763,,
pa14ahigh,pa,high,32,10,100,3.153710533,0.206723298,358.1452636,,
pa14ahigh,pa,high,32,10,75,2.359608587,0.190653579,364.0212137,,
pa14ahigh,pa,high,32,10,50,1.553845406,0.171542061,370.4010637,,
pa14ahigh,pa,high,32,10,25,0.200053485,0.148577253,384.4635478,,
pa14ahigh,pa,high,32,10,0,-1.454287123,0.120585305,407.8852046,,
pa5bhigh,pa,high,32,10,1200,4.781180607,0.058888854,249.5233907,,
pa5bhigh,pa,high,32,10,1000,5.946121288,0.069154555,241.9081902,,
pa5bhigh,pa,high,32,10,500,5.949632748,0.083462962,264.952916,,
pa5bhigh,pa,high,32,10,200,4.427234098,0.089861863,302.4722658,,
pa5bhigh,pa,high,32,10,100,2.595423482,0.090177588,339.0692178,,
pa5bhigh,pa,high,32,10,75,2.019273863,0.083380355,346.6992851,,
pa5bhigh,pa,high,32,10,50,1.278013066,0.071351961,357.7149491,,
pa5bhigh,pa,high,32,10,25,0.459167232,0.052718262,372.9808488,,
pa5bhigh,pa,high,32,10,0,-0.795821364,0.026924501,436.106364,,
pa7chigh,pa,high,32,10,1200,11.97728446,0.279962064,298.1060003,,
pa7chigh,pa,high,32,10,1000,11.89631709,0.306532389,304.9738955,,
pa7chigh,pa,high,32,10,500,10.34527379,0.316682923,318.5235846,,
pa7chigh,pa,high,32,10,200,6.468642942,0.316479542,344.9587301,,
pa7chigh,pa,high,32,10,100,3.419841238,0.304073938,364.6708721,,
pa7chigh,pa,high,32,10,75,2.424050911,0.281058323,370.1552249,,
pa7chigh,pa,high,32,10,50,1.476004672,0.258583591,376.2705093,,
pa7chigh,pa,high,32,10,25,0.237270613,0.237310181,385.762403,,
pa7chigh,pa,high,32,10,0,-1.379116276,0.214350452,399.8779332,,
pa15high,pa,high,32,10,1200,7.543304618,0.142561949,287.509709,,
pa15high,pa,high,32,10,1000,7.663596163,0.147218394,289.0744534,,
pa15high,pa,high,32,10,500,6.253122783,0.143690032,305.5672071,,
pa15high,pa,high,32,10,200,4.189832059,0.131406298,327.6766544,,
pa15high,pa,high,32,10,100,2.474372897,0.12311422,349.5399082,,
pa15high,pa,high,32,10,75,1.593000256,0.113307729,360.4599294,,
pa15high,pa,high,32,10,50,0.768957625,0.10298577,372.212531,,
pa15high,pa,high,32,10,25,-0.13713513,0.08852702,387.8667373,,
pa15high,pa,high,32,10,0,-1.567766095,0.071105076,421.9872683,,
pa14clow,pa,low,32,10,1200,11.4951856,0.244476243,292.009883,,
pa14clow,pa,low,32,10,1000,11.74430058,0.275284418,297.2104763,,
pa14clow,pa,low,32,10,500,9.939683693,0.289929958,316.9622411,,
pa14clow,pa,low,32,10,200,6.630077462,0.294378465,340.6622246,,
pa14clow,pa,low,32,10,100,4.265217718,0.295465096,358.6703977,,
pa14clow,pa,low,32,10,75,3.167134532,0.294660427,366.4544069,,
pa14clow,pa,low,32,10,50,2.086777652,0.299484924,373.4736221,,
pa14clow,pa,low,32,10,25,0.858541652,0.289637528,382.3037595,,
pa14clow,pa,low,32,10,0,-1.010851192,0.267929775,396.8184604,,
pa5alow,pa,low,32,10,1200,9.653475507,0.211100168,297.3358062,,
pa5alow,pa,low,32,10,1000,10.17081285,0.235780229,301.3978049,,
pa5alow,pa,low,32,10,500,8.630699139,0.232842752,315.3342896,,
pa5alow,pa,low,32,10,200,5.962636638,0.22564673,336.4453931,,
pa5alow,pa,low,32,10,100,3.798886273,0.224230945,356.3564658,,
pa5alow,pa,low,32,10,75,3.071357321,0.228930573,363.0424225,,
pa5alow,pa,low,32,10,50,2.112928806,0.233924817,371.1047571,,
pa5alow,pa,low,32,10,25,0.413243701,0.232441683,385.8178661,,
pa5alow,pa,low,32,10,0,-0.995481197,0.223647824,397.9789503,,
pa15alow,pa,low,32,10,1200,7.027302951,0.155733482,305.0109314,,
pa15alow,pa,low,32,10,1000,7.103251804,0.183699142,315.62054,,
pa15alow,pa,low,32,10,500,6.504078879,0.184630726,321.3743088,,
pa15alow,pa,low,32,10,200,5.070091518,0.189582351,338.6964466,,
pa15alow,pa,low,32,10,100,3.165501963,0.184608995,356.25075,,
pa15alow,pa,low,32,10,75,2.840876495,0.182336061,360.0439618,,
pa15alow,pa,low,32,10,50,1.586075208,0.184633596,372.7848551,,
pa15alow,pa,low,32,10,25,0.705474004,0.180119557,382.9399435,,
pa15alow,pa,low,32,10,0,-0.961191648,0.167960597,399.782798,,
pa6alow,pa,low,32,10,1200,8.466906734,0.20789446,308.4232492,,
pa6alow,pa,low,32,10,1000,8.946696111,0.249571614,317.1961193,,
pa6alow,pa,low,32,10,500,8.063191358,0.280309882,329.4013269,,
pa6alow,pa,low,32,10,200,5.685801835,0.303646312,350.2097163,,
pa6alow,pa,low,32,10,100,3.124875227,0.319306159,368.8546726,,
pa6alow,pa,low,32,10,75,2.172051021,0.325248472,375.2190683,,
pa6alow,pa,low,32,10,50,1.229104065,0.322626864,381.1222583,,
pa6alow,pa,low,32,10,25,0.023293381,0.312495903,388.9694302,,
pa6alow,pa,low,32,10,0,-1.489464648,0.297361592,401.2121867,,
pa1.15low,pa,low,32,10,1200,3.89180003,0.124271456,325.3938491,,
pa1.15low,pa,low,32,10,1000,4.049480872,0.137062245,328.3931798,,
pa1.15low,pa,low,32,10,500,3.799765525,0.143672245,334.8133356,,
pa1.15low,pa,low,32,10,200,3.336246039,0.146783172,342.2260631,,
pa1.15low,pa,low,32,10,100,2.948003201,0.146398158,347.2926898,,
pa1.15low,pa,low,32,10,75,2.192056209,0.144727686,356.2328058,,
pa1.15low,pa,low,32,10,50,1.746815952,0.138948602,361.2130823,,
pa1.15low,pa,low,32,10,25,0.665724969,0.128113108,374.313622,,
pa1.15low,pa,low,32,10,0,-0.654240914,0.106187569,393.9521348,,
pa7alow,pa,low,32,10,1200,7.248463014,0.166802068,304.3412926,,
pa7alow,pa,low,32,10,1000,7.906141711,0.199873352,309.8082839,,
pa7alow,pa,low,32,10,500,7.664193395,0.211252957,316.216968,,
pa7alow,pa,low,32,10,200,5.744601884,0.212885781,334.6685774,,
pa7alow,pa,low,32,10,100,3.374006407,0.212019041,356.1915775,,
pa7alow,pa,low,32,10,75,2.612081794,0.206771347,362.8112385,,
pa7alow,pa,low,32,10,50,1.367826643,0.191415206,373.3538896,,
pa7alow,pa,low,32,10,25,0.520972115,0.166669894,381.2481202,,
pa7alow,pa,low,32,10,0,-1.008504428,0.126379197,400.9358956,,
pa3med,pa,med,32,10,1200,13.18690439,0.340915159,300.5059621,,
pa3med,pa,med,32,10,1000,12.87892399,0.377049402,308.9077635,,
pa3med,pa,med,32,10,500,11.17635757,0.392367175,322.2151501,,
pa3med,pa,med,32,10,200,7.249401254,0.397449399,345.738049,,
pa3med,pa,med,32,10,100,3.706051011,0.391381807,365.5535084,,
pa3med,pa,med,32,10,75,2.834162948,0.384261412,370.5193804,,
pa3med,pa,med,32,10,50,1.870889508,0.372237787,375.9763304,,
pa3med,pa,med,32,10,25,0.335077184,0.352529362,384.8055478,,
pa3med,pa,med,32,10,0,-1.632179153,0.323698818,398.9892875,,
pa5cmed,pa,med,32,10,1200,10.6290235,0.22200394,292.7503189,,
pa5cmed,pa,med,32,10,1000,10.8075985,0.234723059,295.4365283,,
pa5cmed,pa,med,32,10,500,9.126652255,0.227540931,308.065633,,
pa5cmed,pa,med,32,10,200,5.765233891,0.218653989,335.7465281,,
pa5cmed,pa,med,32,10,100,3.176532029,0.204578118,357.1950828,,
pa5cmed,pa,med,32,10,75,2.248881388,0.190290716,364.6737717,,
pa5cmed,pa,med,32,10,50,1.491262817,0.174210871,371.1846583,,
pa5cmed,pa,med,32,10,25,-0.092939462,0.15596933,387.9791696,,
pa5cmed,pa,med,32,10,0,-1.721014672,0.132225808,410.5290049,,
pa7amed,pa,med,32,10,1200,12.78455945,0.324404492,302.5206876,,
pa7amed,pa,med,32,10,1000,12.0012887,0.316787407,306.4969365,,
pa7amed,pa,med,32,10,500,10.10914611,0.292726493,315.8972872,,
pa7amed,pa,med,32,10,200,6.121908278,0.251079479,338.7328868,,
pa7amed,pa,med,32,10,100,3.367643611,0.203281267,355.4648108,,
pa7amed,pa,med,32,10,75,2.06641091,0.167325969,363.9588333,,
pa7amed,pa,med,32,10,50,1.372161354,0.130025082,367.7243509,,
pa7amed,pa,med,32,10,25,0.225791163,0.095175445,382.230866,,
pa7amed,pa,med,32,10,0,-1.562609391,0.065443566,425.7776866,,
pa15bmed,pa,med,32,10,1200,13.28635373,0.330620256,299.282096,,
pa15bmed,pa,med,32,10,1000,12.26975443,0.347336731,308.5239973,,
pa15bmed,pa,med,32,10,500,11.08852432,0.352225773,318.6189486,,
pa15bmed,pa,med,32,10,200,7.43367774,0.341263979,341.3907655,,
pa15bmed,pa,med,32,10,100,4.932984996,0.316298317,355.4516886,,
pa15bmed,pa,med,32,10,75,3.380719976,0.294098235,363.8865264,,
pa15bmed,pa,med,32,10,50,2.086713849,0.267580607,373.3270387,,
pa15bmed,pa,med,32,10,25,0.809132825,0.252451475,382.8658364,,
pa15bmed,pa,med,32,10,0,-0.788136998,0.233281675,396.8310486,,
pa14bmed,pa,med,32,10,1200,8.994117694,0.221603715,308.3990048,,
pa14bmed,pa,med,32,10,1000,8.179755557,0.223280124,317.2744542,,
pa14bmed,pa,med,32,10,500,7.537126121,0.221398956,323.0296298,,
pa14bmed,pa,med,32,10,200,4.251995588,0.214814124,350.3179766,,
pa14bmed,pa,med,32,10,100,2.533041046,0.199267092,364.7684943,,
pa14bmed,pa,med,32,10,75,1.461499406,0.194025968,374.1088409,,
pa14bmed,pa,med,32,10,50,0.915518635,0.188175429,378.760877,,
pa14bmed,pa,med,32,10,25,0.15930221,0.180082693,386.5955922,,
pa14bmed,pa,med,32,10,0,-1.1759098,0.161889173,403.6019534,,
pa6cmed,pa,med,32,10,1200,6.855499946,0.090428002,252.161798,,
pa6cmed,pa,med,32,10,1000,5.468359612,0.074001482,256.9620919,,
pa6cmed,pa,med,32,10,500,4.348997469,0.055041573,253.1808468,,
pa6cmed,pa,med,32,10,200,2.628685649,0.041553037,280.8404456,,
pa6cmed,pa,med,32,10,100,0.965747418,0.033161455,337.1516189,,
pa6cmed,pa,med,32,10,75,0.912081387,0.026618527,330.44254,,
pa6cmed,pa,med,32,10,50,0.235801329,0.019898677,366.3844331,,
pa6cmed,pa,med,32,10,25,-0.206680886,0.014011878,408.7651568,,
pa6cmed,pa,med,32,10,0,-1.227302943,0.013278697,532.3115795,,
pa6bhigh,pa,high,32,14,1200,10.94560376,0.269773161,305.1866585,,
pa6bhigh,pa,high,32,14,1000,10.51555799,0.288214361,312.4201856,,
pa6bhigh,pa,high,32,14,500,9.132257074,0.291867501,324.0636715,,
pa6bhigh,pa,high,32,14,200,6.70954521,0.288468601,342.0680967,,
pa6bhigh,pa,high,32,14,100,4.90300751,0.271430596,353.4160693,,
pa6bhigh,pa,high,32,14,75,3.292501497,0.251303462,363.6558776,,
pa6bhigh,pa,high,32,14,50,2.634475544,0.232526701,367.9185639,,
pa6bhigh,pa,high,32,14,25,1.362230564,0.210115765,377.5019731,,
pa6bhigh,pa,high,32,14,0,-0.622640983,0.179362602,396.1877063,,
pa14ahigh,pa,high,32,14,1200,9.626535321,0.185873031,288.8739386,,
pa14ahigh,pa,high,32,14,1000,10.32600478,0.223105893,296.9023002,,
pa14ahigh,pa,high,32,14,500,9.674364362,0.228030822,305.0545881,,
pa14ahigh,pa,high,32,14,200,6.77353622,0.23397316,331.6745394,,
pa14ahigh,pa,high,32,14,100,4.686002957,0.226575205,348.524836,,
pa14ahigh,pa,high,32,14,75,3.348620734,0.223834181,359.7363115,,
pa14ahigh,pa,high,32,14,50,2.286369488,0.200539614,366.831647,,
pa14ahigh,pa,high,32,14,25,1.169289415,0.183271705,377.0001286,,
pa14ahigh,pa,high,32,14,0,-1.186364201,0.149600928,403.1345761,,
pa15chigh,pa,high,32,14,1200,10.4739293,0.198252584,285.362245,,
pa15chigh,pa,high,32,14,1000,11.6828437,0.240744468,290.8785783,,
pa15chigh,pa,high,32,14,500,10.53298136,0.259198173,305.890631,,
pa15chigh,pa,high,32,14,200,7.66273854,0.276762192,331.8577973,,
pa15chigh,pa,high,32,14,100,4.513254034,0.272649788,354.8061262,,
pa15chigh,pa,high,32,14,75,3.713690666,0.265471033,360.4495849,,
pa15chigh,pa,high,32,14,50,2.527390575,0.243156322,367.9027181,,
pa15chigh,pa,high,32,14,25,0.585237141,0.20247227,382.5684789,,
pa15chigh,pa,high,32,14,0,-1.070141359,0.14933076,401.2517763,,
pa7bhigh,pa,high,32,14,1200,10.05659668,0.198906009,288.8448548,,
pa7bhigh,pa,high,32,14,1000,10.47652073,0.218162826,293.108197,,
pa7bhigh,pa,high,32,14,500,9.745425377,0.222185639,302.0098257,,
pa7bhigh,pa,high,32,14,200,6.696428302,0.217218246,327.8385097,,
pa7bhigh,pa,high,32,14,100,3.894134263,0.192986881,349.5280798,,
pa7bhigh,pa,high,32,14,75,3.359733401,0.169345281,350.9382458,,
pa7bhigh,pa,high,32,14,50,2.307157375,0.157175564,360.6628485,,
pa7bhigh,pa,high,32,14,25,0.805419327,0.134847808,376.9936131,,
pa7bhigh,pa,high,32,14,0,-1.430394373,0.1083008,410.6711568,,
pa115high,pa,high,32,14,1200,11.19136777,0.257848822,301.1480973,,
pa115high,pa,high,32,14,1000,11.88727972,0.293769056,305.1428973,,
pa115high,pa,high,32,14,500,10.50478514,0.301846835,317.2058638,,
pa115high,pa,high,32,14,200,6.830419299,0.299115654,342.6729204,,
pa115high,pa,high,32,14,100,3.823251338,0.292616343,363.2217359,,
pa115high,pa,high,32,14,75,2.783214681,0.280492965,369.7638207,,
pa115high,pa,high,32,14,50,1.41259614,0.261488644,379.049282,,
pa115high,pa,high,32,14,25,0.518772362,0.233040551,385.4343839,,
pa115high,pa,high,32,14,0,-1.350368156,0.190002333,402.9965617,,
pa5bhigh,pa,high,32,14,1200,10.22352468,0.154337306,264.5085003,,
pa5bhigh,pa,high,32,14,1000,10.6364037,0.178222449,274.7068936,,
pa5bhigh,pa,high,32,14,500,9.363474178,0.183835607,291.8255358,,
pa5bhigh,pa,high,32,14,200,6.286503288,0.171951595,320.228685,,
pa5bhigh,pa,high,32,14,100,3.339774132,0.151911324,348.0544467,,
pa5bhigh,pa,high,32,14,75,2.377890783,0.13061093,355.4001611,,
pa5bhigh,pa,high,32,14,50,1.216602878,0.106281865,367.8336617,,
pa5bhigh,pa,high,32,14,25,0.094164386,0.079287501,385.6542279,,
pa5bhigh,pa,high,32,14,0,-1.898622035,0.052464557,447.490026,,
pa1.15low,pa,low,32,14,1200,4.943825378,0.175691386,334.7636006,,
pa1.15low,pa,low,32,14,1000,5.320726361,0.232524155,343.1071757,,
pa1.15low,pa,low,32,14,500,5.542625879,0.263458506,346.9348222,,
pa1.15low,pa,low,32,14,200,4.143266452,0.271857565,359.0322611,,
pa1.15low,pa,low,32,14,100,2.599994525,0.271403857,370.6308656,,
pa1.15low,pa,low,32,14,75,1.859973583,0.267414133,375.7490136,,
pa1.15low,pa,low,32,14,50,0.94014626,0.249562138,382.4805435,,
pa1.15low,pa,low,32,14,25,0.197308594,0.215016398,387.9525974,,
pa1.15low,pa,low,32,14,0,-1.033370003,0.152267643,401.6468995,,
pa5alow,pa,low,32,14,1200,7.028832257,0.234118694,329.7066445,,
pa5alow,pa,low,32,14,1000,7.077033516,0.238767357,330.2239179,,
pa5alow,pa,low,32,14,500,5.10244883,0.181809584,337.5510961,,
pa5alow,pa,low,32,14,200,4.426109874,0.174629584,341.7028446,,
pa5alow,pa,low,32,14,100,2.869153405,0.16883246,357.5045775,,
pa5alow,pa,low,32,14,75,2.153022471,0.162813457,364.5469505,,
pa5alow,pa,low,32,14,50,1.286059061,0.153518443,373.6678744,,
pa5alow,pa,low,32,14,25,0.211722292,0.140155644,386.37712,,
pa5alow,pa,low,32,14,0,-1.113087391,0.122724325,405.3061939,,
pa15alow,pa,low,32,14,1200,4.832553792,0.150702205,329.1473401,,
pa15alow,pa,low,32,14,1000,5.140103756,0.159837363,328.7143266,,
pa15alow,pa,low,32,14,500,4.384200285,0.153335538,335.9650121,,
pa15alow,pa,low,32,14,200,3.807269685,0.140147421,339.5039814,,
pa15alow,pa,low,32,14,100,2.562492301,0.127224301,352.5635694,,
pa15alow,pa,low,32,14,75,2.02203099,0.116244727,357.6687225,,
pa15alow,pa,low,32,14,50,1.495179103,0.100690464,362.6105041,,
pa15alow,pa,low,32,14,25,0.369901989,0.082951367,380.6305707,,
pa15alow,pa,low,32,14,0,-0.90520997,0.057400966,414.3004768,,
pa6alow,pa,low,32,14,1200,8.525620015,0.200171331,300.9105646,,
pa6alow,pa,low,32,14,1000,8.599906488,0.224243318,308.2100521,,
pa6alow,pa,low,32,14,500,8.772628321,0.230413658,311.5912155,,
pa6alow,pa,low,32,14,200,7.093625377,0.238151956,327.6073326,,
pa6alow,pa,low,32,14,100,5.008875149,0.237038321,345.5498909,,
pa6alow,pa,low,32,14,75,4.438334777,0.235864503,350.0278068,,
pa6alow,pa,low,32,14,50,2.496599312,0.231003373,365.8719067,,
pa6alow,pa,low,32,14,25,0.96021145,0.20809017,378.284925,,
pa6alow,pa,low,32,14,0,-0.919900809,0.178884829,396.8833146,,
pa7blow,pa,low,32,14,1200,7.707975784,0.155415587,294.4718636,,
pa7blow,pa,low,32,14,1000,8.724293591,0.194509802,300.7707438,,
pa7blow,pa,low,32,14,500,8.622928597,0.220476107,311.4652993,,
pa7blow,pa,low,32,14,200,6.783207321,0.215658608,326.8261107,,
pa7blow,pa,low,32,14,100,4.133989239,0.223717553,351.6430111,,
pa7blow,pa,low,32,14,75,3.740607742,0.222214234,354.8280836,,
pa7blow,pa,low,32,14,50,2.824980648,0.218335405,363.075232,,
pa7blow,pa,low,32,14,25,1.38587804,0.217190426,377.4009412,,
pa7blow,pa,low,32,14,0,-0.898773515,0.180437029,398.6379473,,
pa14clow,pa,low,32,14,1200,8.008767718,0.2691224,326.4220859,,
pa14clow,pa,low,32,14,1000,8.082797847,0.283596426,328.7944194,,
pa14clow,pa,low,32,14,500,7.511963585,0.290209232,334.7990847,,
pa14clow,pa,low,32,14,200,5.648612893,0.289035528,348.4896297,,
pa14clow,pa,low,32,14,100,4.327375053,0.283942715,357.9796996,,
pa14clow,pa,low,32,14,75,3.109686942,0.284001477,366.6531821,,
pa14clow,pa,low,32,14,50,2.642191563,0.27672516,369.6806416,,
pa14clow,pa,low,32,14,25,0.888716991,0.267719728,382.3202923,,
pa14clow,pa,low,32,14,0,-0.874258513,0.250229001,396.1061905,,
pa7amed,pa,med,32,14,1200,10.44263571,0.351047812,324.1860718,,
pa7amed,pa,med,32,14,1000,9.717292528,0.357022216,328.7089368,,
pa7amed,pa,med,32,14,500,9.264763754,0.340238388,330.3841396,,
pa7amed,pa,med,32,14,200,7.009301061,0.32576657,343.5070022,,
pa7amed,pa,med,32,14,100,4.708806714,0.315177726,357.591553,,
pa7amed,pa,med,32,14,75,3.614551757,0.282869845,362.6609348,,
pa7amed,pa,med,32,14,50,2.670173813,0.254807679,367.8726499,,
pa7amed,pa,med,32,14,25,1.123692805,0.21883592,378.6804317,,
pa7amed,pa,med,32,14,0,-1.028019178,0.16763403,399.5980079,,
pa13med,pa,med,32,14,1200,6.237554416,0.135254818,304.0343697,,
pa13med,pa,med,32,14,1000,6.597629141,0.184865776,320.9644169,,
pa13med,pa,med,32,14,500,6.28956498,0.206785583,330.4556589,,
pa13med,pa,med,32,14,200,5.952301804,0.213973738,336.1112548,,
pa13med,pa,med,32,14,100,4.027228304,0.198014474,349.256761,,
pa13med,pa,med,32,14,75,3.548392408,0.180923074,351.4476745,,
pa13med,pa,med,32,14,50,2.432193191,0.155442978,358.9230412,,
pa13med,pa,med,32,14,25,1.284608446,0.119497253,369.0612607,,
pa13med,pa,med,32,14,0,-0.663529321,0.064919662,404.8484053,,
pa14b,pa,med,32,14,1200,8.10693337,0.178017809,298.5366222,,
pa14b,pa,med,32,14,1000,8.320534638,0.197044536,304.9676967,,
pa14b,pa,med,32,14,500,7.687578367,0.201638201,313.6657852,,
pa14b,pa,med,32,14,200,6.055675467,0.200802628,329.8022708,,
pa14b,pa,med,32,14,100,3.821645017,0.228101587,355.1195807,,
pa14b,pa,med,32,14,75,2.808651943,0.222636394,363.4410216,,
pa14b,pa,med,32,14,50,2.189826505,0.194299259,366.7041799,,
pa14b,pa,med,32,14,25,0.453018756,0.162504305,382.7537061,,
pa14b,pa,med,32,14,0,-1.037681357,0.123163956,402.9517486,,
pa6cmed,pa,med,32,14,1200,7.546325807,0.180608461,308.0437755,,
pa6cmed,pa,med,32,14,1000,7.647089381,0.198198793,313.5246558,,
pa6cmed,pa,med,32,14,500,7.318464295,0.201017728,318.3567887,,
pa6cmed,pa,med,32,14,200,5.574412371,0.200638682,335.4567619,,
pa6cmed,pa,med,32,14,100,3.911272605,0.200701006,351.5469516,,
pa6cmed,pa,med,32,14,75,2.998292936,0.202671647,360.6544045,,
pa6cmed,pa,med,32,14,50,1.857852868,0.202635182,371.4224822,,
pa6cmed,pa,med,32,14,25,0.441018928,0.19726035,384.6714771,,
pa6cmed,pa,med,32,14,0,-1.165888669,0.176797355,401.2149374,,
pa5cmed,pa,med,32,14,1200,10.39011643,0.381105196,328.2268165,,
pa5cmed,pa,med,32,14,1000,10.46610514,0.384487086,328.256786,,
pa5cmed,pa,med,32,14,500,9.831138565,0.350746393,329.0827952,,
pa5cmed,pa,med,32,14,200,6.566494274,0.325412386,347.0051476,,
pa5cmed,pa,med,32,14,100,3.939891404,0.312435473,363.446574,,
pa5cmed,pa,med,32,14,75,2.935245096,0.30073712,369.6041267,,
pa5cmed,pa,med,32,14,50,1.692785568,0.286684135,377.5460671,,
pa5cmed,pa,med,32,14,25,0.362884231,0.266849244,386.6518566,,
pa5cmed,pa,med,32,14,0,-1.407005705,0.239234671,401.0136218,,
pa15bmed,pa,med,32,14,1200,8.606773697,0.276334261,324.2512962,,
pa15bmed,pa,med,32,14,1000,8.813724563,0.310958557,328.6830412,,
pa15bmed,pa,med,32,14,500,8.012369967,0.314208388,335.1823004,,
pa15bmed,pa,med,32,14,200,6.064191475,0.304844656,347.8048082,,
pa15bmed,pa,med,32,14,100,4.047151149,0.288691354,360.4073019,,
pa15bmed,pa,med,32,14,75,3.235430758,0.264711804,364.5264849,,
pa15bmed,pa,med,32,14,50,1.93630159,0.233625833,372.7282013,,
pa15bmed,pa,med,32,14,25,0.834188053,0.196872235,380.9291314,,
pa15bmed,pa,med,32,14,0,-1.327557322,0.153182178,404.3174251,,
