genotype,plant_id,spp,nTreatment,temp,phoper,aamb,amax,Carbon,ce,co2comp,co2sat,dr,D13C,lcp,LMA,lsp,jmax,Nitrogen,netqe,pnue,SLA,vcmax
cs22,cs22h,cs,high,25,14,5.273821004,20.36289454,51.23575527,0.045374725,47.21611793,595.1870898,-1.052852768,-28.73741631,25.42202288,0.007481132,178.4314276,102.725428,3.536228973,0.0344673,23.44708052,133.6696091,36.55655
cs1,cs1h,cs,high,25,14,5.44,21.4,48.70149586,0.086170821,44.11851791,292.4624447,-1.07,-30.55962056,20.47385312,0.006477273,148.8484048,95.00939471,2.506925588,0.042376,33.50157871,154.3859649,50.23451293
cs3,cs3h,cs,high,25,14,5.98,20.7,48.60489781,0.079449779,46.12772014,306.6696662,-0.98,-30.15524143,19.09945571,0.01,167.0460168,90.791922,2.945117541,0.04042,20.30479231,100,36.6869717
cs11,cs11h,cs,high,25,14,6.292704531,15.82604885,48.36674096,0.046988942,58.20370182,395.0073843,-1.306579784,-28.90557197,19.8008723,0.006360573,180.702765,62.96475,3.891499038,0.04472626,21.61489304,157.218543,23.48907
cs2,cs2h,cs,high,25,14,9.85,20.9,50.00399755,0.07428457,42.79442987,324.1449168,-1.06,-26.38116499,16.05068638,0.00614094,189.405139,107.9461263,2.601203683,0.05682,61.66333998,162.8415301,54.58820275
cs4,cs4h,cs,high,25,14,10,20.8,46.50137502,0.075197549,44.83621992,321.4409816,-1.09,-29.65971721,17.95834342,0.008008299,219.7828368,93.80238727,3.156983371,0.049548,39.55372951,124.8704663,51.4774951
cs6,cs6m,cs,med,25,14,6.553855792,14.71750186,32.69927575,0.090219114,58.7848318,221.9154715,-2.088919089,-29.11751225,21.07844763,0.009233653,155.2533318,69.1847377,2.165404595,0.048845623,47.5746754,108.2995038,28.2063737
cs1,cs1m,cs,med,25,14,7.05,15,50.33455047,0.02163851,51.98694089,745.1954879,-0.881,-27.29841991,25.6372403,0.005850388,264.3484032,67.0900465,2.3896209,0.0295336,50.42842782,170.9288299,31.7913345
cs3,cs3m,cs,med,25,14,10.4,20.6,48.25565275,0.066998859,49.93962375,357.4075464,-1.679254326,-28.97759336,4.53480245,0.00755414,271.7715742,91.8691674,2.360207611,0.0389168,67.24229271,132.3777403,49.0602464
cs22,cs22m,cs,med,25,14,11.46616375,18.82350037,48.62421389,0.063298433,50.18467156,411.2280818,-3.55435254,-28.04359473,36.23019363,0.00680721,349.6321538,52.4265383,1.805618999,0.036586126,162.5459433,146.9030733,94.303338
cs4,cs4m,cs,med,25,14,11.9,22.5,51.1132159,0.075869005,46.16353749,342.7273333,-0.712,-29.70571464,12.3524069,0.009512821,257.9968624,106.8045631,2.793276491,0.048444,56.34135313,105.1212938,55.1117401
cs2,cs2m,cs,med,25,14,13.1,21.3,52.08144569,0.061766675,44.04842389,388.89457,-1.16,-28.46884428,19.07635094,0.007517794,267.6343352,92.27946802,2.38806438,0.052704,72.96840733,133.0177515,47.59683782
cs22,cs22l,cs,low,25,14,6.605914958,13.07953603,51.52217989,0.019920235,72.93674498,729.5322054,-0.547010056,-28.85066012,14.20431228,0.005536695,208.3732943,71.8656414,1.710413412,0.034021474,60.54219391,180.613165,60.345487
cs3,cs3l,cs,low,25,14,6.67148745,18.3315011,49.1874218,0.079836429,45.27715306,274.8903913,-0.724078554,-28.65982684,13.65097829,0.00843647,179.4581138,78.206661,2.96536797,0.040236432,48.70448045,118.5329861,44.2143036
cs1,cs1l,cs,low,25,14,7.96,12.5,51.39598187,0.022775478,52.80343033,601.6393331,-1.13,-28.72845892,19.54175849,0.008468596,170.7690554,53.1749631,2.103452051,0.052636,44.68575041,118.0833333,25.7855594
cs4,cs4l,cs,low,25,14,9.73,14.7,50.01975842,0.042380856,41.91594337,388.770668,-0.804,-27.52921436,8.839779006,0.011785526,213.4119344,60.5869176,2.097230658,0.012308,134.7760244,84.84984312,27.1307957
cs2,cs2l,cs,low,25,14,12.4,18.2,48.01504395,0.065864827,44.79703899,321.1205465,-1.14,-27.88189336,15.05918457,0.004386952,209.2096198,80.3372337,5.064995355,0.063868,69.56953924,227.9487179,39.8232151
cs3,cs3l,cs,low,25,14,13.5,19.6,47.79098436,0.065507372,46.519736,345.7226998,-1.1,-29.57717209,21.70024671,0.006831032,299.2495888,87.02243162,2.427194794,0.04864,81.42219443,146.3907603,47.13627003
cs11,cs11h,cs,high,25,10,7.045591391,12.44892773,37.07563775,0.04550218,48.77571392,322.3654133,-0.239032062,-29.51013747,12.72976691,0.005679226,164.61766,93.0456546,2.179879817,0.046386787,56.91094178,176.0803408,38.230272
cs1,cs1h,cs,high,25,10,7.209630689,20.1248167,48.06725289,0.030356425,58.19337786,721.1442028,-1.281686592,-30.56817138,27.29191787,0.011297989,212.7143332,45.7519284,3.212149056,0.038882196,19.86626297,88.51132686,26.4225678
cs22,cs22h,cs,high,25,10,8.2007037,13.55789069,46.53803255,0.051336443,48.50515147,312.6039074,0.059995868,-29.2497545,0.029177776,0.009259574,187.9208353,92.7381822,2.001104407,0.043645917,44.25785315,107.9963235,41.9241478
cs4,cs4h,cs,high,25,10,8.369451778,19.72979423,46.3153538,0.042795367,49.81930139,510.8457059,-1.134709283,-29.64846792,23.57799941,0.007748148,224.2409537,89.9683233,2.427325841,0.041709003,44.50112765,129.0630975,38.7772274
cs3,cs3h,cs,high,25,10,8.488941004,18.3444075,45.75742246,0.048913306,49.56528257,424.604492,-0.860115521,-30.62055813,20.57635375,0.01595102,246.619203,82.0047064,2.882199932,0.037554566,18.46464409,62.69191402,31.1078625
cs2,cs2h,cs,high,25,10,9.61610935,19.45928643,48.38861667,0.049935913,47.24019636,436.9254028,-1.137314985,-30.0235929,28.9679987,0.007912932,278.1156719,92.7381822,2.399100773,0.038596023,50.6539668,126.3754045,41.9241478
cs11,cs11m,cs,med,25,10,6.920521365,14.46459811,48.64716823,0.027819725,64.90525991,584.8456367,-0.128650609,-29.51516119,3.638072834,0.007298701,219.951396,73.4038774,2.389999223,0.031993043,42.53749741,137.0106762,38.1172651
cs2,cs2m,cs,med,25,10,8.016374642,17.19905623,47.5825983,0.055285789,48.65223652,359.7458575,-0.987082886,-30.43570401,24.57226998,0.009776692,247.8703124,83.4158984,2.016247188,0.035899888,40.66701406,102.2840828,42.4787449
cs4,cs4m,cs,med,25,10,9.341950062,20.74336438,48.92855971,0.065352012,47.63168531,365.0414161,-0.973756881,-28.41100339,21.13239255,0.007561462,253.3850091,97.6102493,2.623121032,0.040223228,39.90278779,132.2495606,45.5223852
cs1,cs1m,cs,med,25,10,9.344402247,15.65323463,47.98033734,0.058165991,47.96997549,317.0831523,-0.804272227,-29.18394844,18.71854318,0.006883721,273.9196598,63.6699005,2.000649094,0.036615836,67.85117112,145.2702703,33.3655291
cs22,cs22m,cs,med,25,10,11.16472859,17.1757693,50.08867871,0.082329524,57.6009329,266.2231682,-0.60023091,-28.85199084,14.59761256,0.008630137,321.1223996,79.429385,2.727284282,0.036423575,95.63150967,115.8730159,40.7328431
cs3,cs3m,cs,med,25,10,12.4720021,13.30279879,47.43156565,0.036958961,47.73672492,407.671056,0.610115361,-30.24104993,16.53177822,0.006553007,263.2497554,59.2460602,1.830215025,0.036231114,61.43619572,152.6017029,26.0129244
cs11,cs11l,cs,low,25,10,6.96890792,11.10796178,46.12882421,0.029061191,62.02577998,444.2524309,-0.878088243,-30.5500265,17.23493644,0.005334272,181.8761419,59.8325478,2.018431503,0.042327848,41.47810988,187.4670185,25.0648163
cs4,cs4l,cs,low,25,10,8.945112919,14.92267719,57.82308111,0.027990453,44.39264907,577.5271777,-0.743830166,-29.86159889,17.88851184,0.011544359,260.2542665,47.2358791,1.459935015,0.036907495,52.27606555,86.62239089,30.4197854
cs2,cs2l,cs,low,25,10,10.75989651,11.37025598,44.05116867,0.035616948,67.68103091,386.9182658,-1.012508655,-31.0330387,20.79393069,0.008089888,277.6619613,44.7633948,2.436307537,0.041888811,79.76739119,123.6111111,21.2700608
cs3,cs3l,cs,low,25,10,10.84944808,16.69518206,50.46098674,0.053933681,47.13467008,356.6848754,-0.989916271,-29.01086576,19.4384846,0.00668626,262.2971236,78.3216006,3.147502356,0.044673923,51.55351896,149.5604396,41.0236665
cs6,cs6h,cs,high,32,14,6.750783188,16.01579894,20.23255578,0.046758298,68.11378435,410.6369201,-1.282953526,-30.67609905,29.94854771,0.009276995,220.3524726,70.328922,1.473417006,0.035455063,49.38796654,107.7935223,23.716019
cs11,cs11h,cs,high,32,14,7.539024879,17.63282367,49.25691353,0.035302107,68.15457483,567.6381829,-0.908134801,-30.22550807,20.63182272,0.007063028,278.1878568,68.9797252,3.28158564,0.029271397,32.52673786,141.5823367,19.6321526
cs3,cs3h,cs,high,32,14,7.549938878,12.02904953,40.59371978,0.032940053,49.46487549,414.6449036,-0.572023776,-31.30363854,15.9769518,0.007240664,219.0730473,43.133115,2.353561874,0.03717422,44.30364177,138.1088825,15.7981046
cs4,cs4h,cs,high,32,14,7.629259636,18.18150005,44.61772075,0.06102834,50.55172899,348.4706956,-0.857542373,-31.20334515,18.63108209,0.005005066,228.0207745,66.022219,2.252966822,0.036435698,67.65778918,199.7975709,29.26877
cs7,cs7h,cs,high,32,14,9.383306081,22.40183558,47.820929,0.038562896,53.23867343,634.1555121,-0.651302141,-30.18339049,20.90058587,0.004561884,294.220367,80.762997,2.574955267,0.034330871,79.88071918,219.2076831,31.9695113
cs22,cs22h,cs,high,32,14,9.847370337,20.07970532,51.9996924,0.037606111,52.05671732,586.0046503,-0.976925623,-28.37710691,18.0240471,0.006410256,234.1053435,46.219615,3.237888588,0.045572525,47.44418256,156,14.020123
cs6,cs6m,cs,med,32,14,5.280970697,13.60914955,48.25885639,0.032483858,87.78335586,506.734508,-1.225451008,-31.00380088,23.35512402,0.009149039,161.2411244,50.1498426,2.26888797,0.038299542,19.77203009,116.4304778,12.8439908
cs11,cs11m,cs,med,32,14,5.56168651,12.93896742,43.73080739,0.063698144,68.77036233,271.8997886,-0.761902439,-31.01718666,14.47198977,0.006361829,185.9400771,49.5072034,1.928174535,0.032435695,49.69712381,157.1875,17.5780821
cs4,cs4m,cs,med,32,14,5.61375741,12.82227331,44.49040208,0.089629176,58.06704378,201.1261892,-0.423434079,-31.08123372,19.21159991,0.011720588,131.3267726,48.888595,2.078762731,0.050071344,41.35306672,85.31994981,20.615601
cs22,cs22m,cs,med,32,14,6.604775318,20.44065239,46.96797008,0.0399841,71.40416253,582.6236822,-1.418132676,-29.01774001,27.9096018,0.0093647,237.418139,76.7794695,2.586298537,0.031525089,37.6570795,106.7839837,27.0446851
cs3,cs3m,cs,med,32,14,7.347957719,13.93485339,42.77237697,0.051039266,72.60976444,345.6319792,-0.607617042,-30.54398993,14.09818664,0.009149039,264.7007442,51.4483959,2.053456253,0.02932116,50.93488169,116.4304778,17.6354192
cs7,cs7l,cs,low,32,14,4.061964783,18.47839878,45.67617363,0.044618035,59.34827941,473.4946844,-1.302162182,-29.00110393,28.9455045,0.008276398,141.7632999,65.05223703,1.751079273,0.036004646,28.02779967,120.8255159,21.57468066
cs3,cs3l,cs,low,32,14,4.534487392,11.14867313,40.69743056,0.026309265,79.69416868,503.4488161,0.699430924,-30.14864588,23.62952374,0.011091997,164.5345293,40.893663,2.515095572,0.039218066,21.35703535,90.15509103,17.3099113
cs11,cs11l,cs,low,32,14,4.691682492,12.54423095,43.83292548,0.107417768,59.66772246,176.4475739,-0.918746334,-30.82431584,20.50214721,0.006283841,143.7132459,48.65318,2.973258873,0.038078408,21.61973168,159.1383373,15.1651702
cs6,cs6l,cs,low,32,14,4.828922457,12.68220526,41.08926853,0.037415918,69.90767967,408.8598137,0.194091309,-29.60237034,21.85753015,0.009965197,172.1249391,45.277297,1.854593916,0.040289206,26.12856164,100.3492433,20.870828
cs22,cs22l,cs,low,32,14,6.068216579,10.67698075,44.04324431,0.051535388,68.80285573,275.9805086,-0.988065087,-30.90582128,19.88669167,0.007235174,166.7349554,37.7211629,1.91408748,0.041323039,36.73513167,138.21368,9.3488916
cs4,cs4l,cs,low,32,14,7.494714716,17.73396719,54.59798534,0.054490511,53.47246598,378.9230254,-1.300599047,-30.66963722,25.18375156,0.008925159,205.9266161,63.2176678,2.117959815,0.041466172,56.26632753,112.0428189,30.1230664
cs7,cs7h,cs,high,32,10,4.329564963,21.79280191,36.22497402,0.056114209,107.3844083,495.7495337,-1.242096503,-29.66510455,34.78633591,0.007941364,180.472111,95.08026,1.986661764,0.029718515,27.44259829,125.9229535,31.390282
cs6,cs6h,cs,high,32,10,5.193809149,21.54565176,52.43519848,0.096609076,148.6059895,371.6249091,-1.093831972,-28.74313689,35.07777688,0.01060652,220.7026933,51.126659,2.934183498,0.027980129,16.68882643,94.28162974,24.163425
cs4,cs4h,cs,high,32,10,5.373661388,20.68267069,49.25482973,0.089279746,95.00166454,326.6630608,-0.999951256,-29.4080882,28.31150442,0.007391484,222.9150153,91.195179,3.184724167,0.027613384,28.17582875,135.2908277,38.855448
cs22,cs22h,cs,high,32,10,6.218329154,16.31374237,46.82779364,0.059995114,107.2367869,379.1546372,-1.249409394,-28.70178944,31.84876463,0.006352262,229.8942014,73.214781,2.863770308,0.031398498,34.18276087,157.4242424,30.062897
cs11,cs11h,cs,high,32,10,7.086915626,18.30779947,48.79764456,0.09984292,97.24820525,280.6142308,-1.105184887,-29.73074658,32.32347981,0.006389357,275.3276292,79.580739,2.603910985,0.029163764,42.59650355,156.5102639,29.385184
cs3,cs3h,cs,high,32,10,8.168148408,19.72853324,44.80755082,0.080368213,111.0954109,370.7612743,-0.873397201,-29.94643258,13.63764542,0.005988551,232.8103198,105.491947,2.537327566,0.037268097,43.55273533,166.9852941,17.863348
cs6,cs6m,cs,med,32,10,3.732311026,13.01123912,45.87347673,0.025013111,133.044346,653.2211162,-1.116744288,-30.18497582,35.1047781,0.011771978,185.8743341,51.64258,1.803937191,0.024755071,22.40695709,84.94749125,13.055708
cs3,cs3m,cs,med,32,10,4.725179247,11.42297861,45.20034568,0.045046855,104.7810704,358.3610053,-0.69197377,-29.66994264,22.22551193,0.007025316,187.3901104,48.708395,2.050372337,0.028608911,30.50707133,142.3423423,16.947411
cs4,cs4m,cs,med,32,10,6.559180697,19.73468622,47.49476679,0.052859733,109.9426043,483.283241,-1.252362028,-29.18937556,26.16090101,0.006530418,199.1028999,86.142691,2.102755244,0.037927055,32.79076645,153.1295488,30.842088
cs11,cs11m,cs,med,32,10,6.627793182,11.45457592,43.64402516,0.007396578,169.7102289,1718.342058,-1.314615449,-30.95138004,30.30190929,0.004280719,267.8464427,41.5276813,2.243428203,0.027901266,37.63491369,233.6056009,12.9960456
cs7,cs7m,cs,med,32,10,7.446869979,20.35770218,50.82855107,0.053643514,68.78411051,448.2838998,-1.337720582,-29.1638305,49.28862777,0.009167722,221.3375197,80.2651355,2.641763051,0.017562947,33.80047382,109.0783569,25.753184
cs22,cs22m,cs,med,32,10,7.799080229,22.45734821,49.29073323,0.0755375,48.25120535,345.5518598,-0.405848852,-28.65353513,18.70702536,0.003906752,266.4738114,77.829472,3.070364457,0.031477505,27.12436479,255.9670782,29.8347636
cs7,cs7l,cs,low,32,10,3.936699953,10.28316143,44.47264226,0.016189146,47.77620392,497.4583812,-1.654920116,-30.41649151,55.63181332,0.011177819,191.1463336,36.5476101,1.873932597,0.029050023,35.33716555,89.46289463,9.207749
cs3,cs3l,cs,low,32,10,3.975940827,10.57894671,42.68035487,0.03014196,62.34724825,413.3180125,-0.211125296,-30.5112195,9.606587351,0.008441755,174.4349009,33.8091317,1.948961049,0.02412171,24.18109582,118.4587814,12.228817
cs11,cs11l,cs,low,32,10,4.306479367,10.09512863,44.21507377,0.004592295,83.88664112,489.9749063,-2.681017926,-30.72601469,29.40219755,0.00637931,204.6938292,34.3874296,2.040497939,0.034656916,33.58621212,156.7567568,15.4634295
cs4,cs4l,cs,low,32,10,5.50823416,18.35968891,46.2057418,0.026991849,97.51365412,777.7074752,-1.442774319,-29.94421294,36.2359518,0.006289105,259.2318787,71.4620897,1.565142403,0.024701053,29.8613598,159.0051458,26.2398684
cs22,cs22l,cs,low,32,10,6.793688637,14.26297453,43.94903502,0.037686396,93.58383773,472.0486454,-1.756268706,-30.97172061,28.4596534,0.004619289,162.342087,44.2307563,2.096593324,0.050743689,44.78602009,216.4835165,17.8844356
cs6,cs6l,cs,low,32,10,7.009919018,12.23515696,45.31300583,0.048525051,82.10182437,334.2428667,-1.671378111,-29.92928983,43.30659763,0.009214055,222.7664501,44.580849,1.718468268,0.03906121,44.27113991,108.5298545,20.718257
pa15,pa15h,pa,high,25,14,10.8,27.7,48.15273749,0.091703576,45.66872891,347.7289235,-0.66,-28.46516527,7.250755287,0.003608769,170.3927492,135.1001375,5.339861015,0.0662,56.04472236,277.1028037,58.56256177
pa7,pa7h,pa,high,25,14,10.98087379,24.23052877,48.64607069,0.086905441,52.24488379,331.0597485,-0.703468828,-29.46712479,9.990026962,0.00278481,341.6925475,110.2175051,3.148964064,0.033104584,101.1686951,359.0909091,59.52659165
pa14,pa14h,pa,high,25,14,13.00513798,22.06232488,45.49655176,0.072916491,52.67560178,355.245356,-0.535038467,-28.59552546,7.912909467,0.00338,302.3618739,89.9247782,4.811910077,0.044167715,77.34830313,295.8579882,41.2294485
pa6,pa6h,pa,high,25,14,14.9,26.3,47.86633626,0.068269186,42.89230991,428.1320005,-0.234,-29.20141293,4.600052798,0.002777778,250.4421859,121.5827532,5.842495859,0.060608,91.81007791,360,62.0631338
pa,pah,pa,high,25,14,15.6,30.2,49.3200251,0.075409419,44.69000969,445.1704852,-0.867,-26.79104151,8.752860412,0.002990105,216.2990261,148.1237864,5.340969284,0.075164,81.88938364,334.4364012,69.4071543
pa5,pa5h,pa,high,25,14,15.9,25.7,49.21789753,0.058705108,43.24695861,481.0282828,-1.17,-28.41078237,19.32164387,0.002824276,276.9867764,119.3865616,5.478001747,0.061708,104.2267914,354.0730337,52.9458715
pa7,pa7m,pa,med,25,14,8.33,26.7,46.1780817,0.068713785,45.62616726,434.1944865,-0.136,-29.25737298,1.032931849,0.002869416,159.7842659,129.3954741,4.7627477,0.052472,60.95283905,348.502994,57.3363365
pa6,pa6m,pa,med,25,14,11.1,23.8,49.33907189,0.057671287,43.77924284,456.462942,-0.863,-29.2250896,10.94436751,0.002421669,178.0224577,108.1431989,4.260560958,0.066436,73.99562867,412.9383313,43.45870746
pa14,pa14m,pa,med,25,14,11.8,23.4,49.668072,0.060703472,45.3412648,430.8216891,-0.548,-27.75881165,12.59063023,0.004199726,177.119353,102.1033978,4.453506224,0.07172,72.48621339,238.1107492,107.0818024
pa5,pa5m,pa,med,25,14,11.82030021,22.55884016,49.62709203,0.151370726,41.43559014,147.9823652,-0.547123631,-27.45601709,8.088675381,0.003478098,227.4867687,109.133777,3.883927014,0.053876039,94.6388741,287.5134553,51.864488
pa,pam,pa,med,25,14,12.4,23.1,48.01504395,0.067324914,49.39348568,392.5056958,-0.793,-27.88189336,9.448072774,0.004651962,190.2166307,64.5256547,5.064995355,0.068596,69.56953924,214.9630542,26.6695141
pa6,pa6m,pa,med,25,14,12.4,23.1,50.01975842,0.067324914,49.39348568,392.5056958,-0.793,-27.52921436,9.448072774,0.004651962,190.2166307,108.2373926,2.097230658,0.068596,134.7760244,214.9630542,124.9026482
pa7,pa7l,pa,low,25,14,8.63,18.4,46.90862236,0.044542969,49.25071172,462.334986,-0.154,-28.75929753,2.034148398,0.004052453,153.6291456,82.6610155,4.191933871,0.056928,50.80171058,246.7640919,37.0538692
pa14,pa14l,pa,low,25,14,8.82,18.2,45.15383878,0.038452268,45.7054159,519.0194939,-0.617,-28.20508939,11.36863654,0.004199005,168.0036014,82.4642405,3.421114748,0.015744,93.21997058,238.1516588,36.5075662
pa15,pa15l,pa,low,25,14,9.87,20.2,46.89546245,0.05798356,48.29791192,396.6725179,-0.737,-27.97292219,8.57324803,0.004183246,154.7434986,91.5426111,6.369733633,0.067524,35.896756,239.048811,42.3337226
pa,pal,pa,low,25,14,9.95,20.8,47.45875745,0.060684501,61.60959334,390.5475454,-0.858,-27.98469531,9.439536827,0.003511269,157.9115435,87.0913078,4.762324897,0.067016,49.65702295,284.7972973,44.9527271
pa6,pa6l,pa,low,25,14,11.58831081,20.1456088,47.19739041,0.053443687,43.74569853,420.6959012,-0.97271835,-28.21678193,22.38084018,0.00271938,192.4701152,96.330679,4.553464639,0.068130756,60.32609781,367.7309008,47.080514
pa5,pa5l,pa,low,25,14,11.7455276,20.8,49.57027102,0.060684501,133.2643363,390.5475454,-1.129663895,-28.16190522,14.41540925,0.003361027,197.6274736,95.52730793,4.022216046,0.06410892,72.05502893,297.5280899,49.43738199
pa6,pa6h,pa,high,25,10,12.29394462,23.29753768,46.71271943,0.070110685,48.84309284,381.1396264,-0.746636467,-27.82259189,10.85058548,0.00247992,247.018997,107.8525663,4.479014746,0.052055838,110.6805084,403.2388664,56.6335949
pa,pah,pa,high,25,10,12.66854381,21.61536356,48.52111134,0.082382483,50.55085543,312.9290075,-0.995648489,-27.67918158,14.75565275,0.002765617,238.575672,94.0303209,4.675762692,0.056601478,95.9327929,361.5830116,65.9702136
pa14,pa14h,pa,high,25,10,13.65924868,22.84100218,45.33437882,0.075897399,50.91241577,351.8582006,-1.138558383,-28.9954623,16.88552184,0.0037723,245.9603107,87.2685031,5.780915145,0.0596279,62.63600169,265.0902837,39.9598357
pa5,pa5h,pa,high,25,10,15.23754173,22.13951079,49.72826094,0.077797072,47.44366974,332.0239288,-1.027499394,-28.8887531,15.39802605,0.003215791,271.3260415,79.6927423,5.766466095,0.059538389,88.37281856,310.965435,45.3187382
pa7,pa7h,pa,high,25,10,9.088965037,21.33165547,47.36561783,0.11853741,41.4665172,221.4236752,-0.977085683,-28.38966459,14.47244653,0.002493905,250.7202553,101.8058349,4.735302152,0.056955901,76.96384553,400.9775171,62.9898735
pa14,pa14m,pa,med,25,10,7.360466933,19.80255628,45.11379888,0.071832993,48.42895537,324.1038997,-0.571966664,-28.99059524,9.947654123,0.00325321,167.3807057,102.0394769,3.405806405,0.046752997,67.49980242,307.388664,49.6042687
pa,pam,pa,med,25,10,9.57086604,19.80255628,44.1967944,0.071832993,48.42895537,324.1038997,-0.874009846,-28.146068,13.05554168,0.00421875,185.9832687,120.8971928,3.14491522,0.055346047,72.46383205,237.037037,61.0126287
pa6,pa6m,pa,med,25,10,10.85164239,19.15452113,45.40104507,0.046347916,53.55267407,466.829536,-0.854655864,-29.30281293,14.04696211,0.003029979,223.7009975,102.0394769,2.654852105,0.051759759,117.1006436,330.0353357,49.6042687
pa5,pa5m,pa,med,25,10,11.00363053,19.5383043,44.82898831,0.068049159,48.64907159,335.7695096,-0.556968621,-28.80577034,3.362352074,0.005282443,240.9405321,80.55357992,3.150173401,0.04631583,122.5518505,189.3063584,40.58347722
pa7,pa7m,pa,med,25,10,11.00920742,19.48065563,45.63871436,0.065169981,56.30559896,355.2262873,-0.718135594,-28.98181576,13.67446221,0.003331519,239.0001553,88.290991,2.505510034,0.048859086,131.8917534,300.1633987,46.6684036
pa6,pa6l,pa,low,25,10,6.571531357,16.08190023,45.17396369,0.06798677,54.78730669,291.3318602,-0.787442865,-27.53694571,16.78909562,0.003830906,137.3780118,73.0313519,2.637325083,0.054495318,66.31805577,261.0348469,30.839857
pa14,pa14l,pa,low,25,10,7.001791521,14.15493779,47.4373914,0.022553468,54.79673633,682.4136465,-0.620556066,-28.89280342,10.395088,0.003213343,168.2803411,62.8971564,3.205471209,0.044347343,52.02006683,311.2023898,27.9731004
pa5,pa5l,pa,low,25,10,7.417142687,19.44794694,43.76789051,0.05033416,52.04516553,438.4218743,-0.548059981,-28.86546529,8.171228958,0.003981549,153.9570166,73.6337725,3.397797522,0.050876994,64.94819899,251.1585366,29.0961333
pa15,pa15l,pa,low,25,10,8.297091619,23.79961198,44.37725081,0.06540735,52.18225,416.0497955,-1.041965714,-28.3613065,17.06523077,0.004052685,181.0174651,112.0173353,3.28284211,0.050606761,86.07029375,246.75,49.8315351
pa7,pa7l,pa,low,25,10,9.810914987,17.80528784,40.76839115,0.055318541,51.87995293,373.7483113,-0.292234539,-30.90561849,7.380550017,0.003241935,212.0498963,56.0291089,2.2496732,0.047935439,134.5196442,308.4577114,25.2829468
pa,pal,pa,low,25,10,10.15917161,18.69108464,29.55181904,0.045711823,34.75163336,175.7942155,-0.765199387,-28.99876389,13.69574496,0.003561532,213.7103615,84.0877634,2.070980708,0.050792146,128.0503384,280.778032,41.6550468
pa14,pa14h,pa,high,32,14,10.32600478,16.79368691,47.68086137,0.038839705,80.22934475,512.613856,-1.186364201,-31.34468414,13.6500555,0.003287867,188.9995379,102.461102,4.167296427,0.05888814,77.11180189,304.148535,33.512452
pa7,pa7h,pa,high,32,14,10.47652073,26.21917697,47.22429448,0.064749709,66.23262641,471.1638174,-1.430394373,-30.19171484,17.64633799,0.003855146,182.6608387,109.791631,3.598407962,0.063488485,75.5206813,259.3935791,38.1527644
pa5,pa5h,pa,high,32,14,10.6364037,28.38068847,47.6159617,0.069230989,59.68988261,469.6318603,-1.898622035,-30.90000423,29.48126178,0.004383169,220.0708059,120.269483,3.495961161,0.055807908,76.41456711,228.1454545,42.484173
pa6,pa6h,pa,high,32,14,10.94560376,16.1107364,51.88953745,0.034943356,71.10048302,532.1534051,-0.622640983,-31.35129583,5.492710184,0.003224313,215.6993317,60.7517201,4.485603591,0.05207069,75.68007818,310.1435407,23.2556744
pa15,pa15h,pa,high,32,14,11.6828437,30.01892374,21.54690322,0.051663876,68.86576647,649.90858,-1.070141359,-30.03022171,15.42016677,0.00293645,194.6747238,132.6592,1.82094269,0.065174598,183.2806398,340.5472637,44.44427
pa,pah,pa,high,32,14,11.88727972,27.22298909,49.95142309,0.048356992,59.61682919,622.57552,-1.350368156,-29.71907475,21.68426448,0.003566785,245.2205969,109.6205189,3.872454186,0.053178289,87.42427862,280.3645402,38.62582748
pa,pam,pa,med,32,14,6.597629141,14.49335046,41.29133523,0.029456253,79.35355531,571.3832294,-0.663529321,-32.0503592,7.565038812,0.003637224,127.2316869,57.1021504,1.706500824,0.0551334,106.2946368,274.9349523,19.0521339
pa6,pa6m,pa,med,32,14,7.647089381,19.72337281,41.26553065,0.041526066,60.75805824,535.7217291,-1.165888669,-31.07993253,18.93664369,0.003490566,156.3814842,74.5515278,2.3958178,0.055637515,109.5433996,286.4864865,22.2260383
pa14,pa14m,pa,med,32,14,8.320534638,17.67754166,44.57081302,0.041412107,67.49874119,494.3676668,-1.037681357,-30.05417695,16.72058697,0.003002472,173.4066218,69.986326,2.210392374,0.053103231,142.9023907,333.058898,24.5943258
pa15,pa15m,pa,med,32,14,8.813724563,18.48478961,45.46554136,0.043384542,69.39560903,502.788226,-1.327557322,-30.87950385,17.73148165,0.002850242,166.7017713,67.1827285,2.11849553,0.059164311,130.9637497,350.8474576,21.8502428
pa7,pa7m,pa,med,32,14,10.44263571,17.84692735,49.51787533,0.047960525,75.95131083,448.0683214,-1.028019178,-30.40881329,11.72967848,0.004139044,180.4401754,73.8525784,2.828702455,0.061896775,89.19137271,241.6017009,26.3425428
pa5,pa5m,pa,med,32,14,10.46610514,22.68275579,44.28626473,0.056567761,63.41637959,464.4001831,-1.407005705,-31.44901966,21.89787374,0.00329466,204.1496946,91.8804309,3.027276517,0.057426615,100.468442,303.5214255,34.9644827
pa15,pa15l,pa,low,32,14,5.140103756,19.19393478,40.52044956,0.038020262,76.6268018,581.46116,-0.90520997,-30.79261349,18.68816169,0.003002472,148.3970483,76.5340795,2.159405134,0.039628,69.14049902,333.058898,22.6493038
pa,pal,pa,low,32,14,5.542625879,13.42016189,43.19665774,0.025723619,71.81035899,593.5161894,-1.033370003,-31.64529582,24.47279357,0.002526316,171.5253053,53.4564342,2.461487302,0.037691474,48.40405987,395.8333333,21.5411606
pa5,pa5l,pa,low,32,14,7.077033516,16.89187652,34.48293183,0.026890762,76.73629073,704.9028131,-1.113087391,-30.39005584,22.91229245,0.00288023,185.637637,66.2437409,1.729289911,0.043490665,77.4726918,347.1945137,20.2154712
pa14,pa14l,pa,low,32,14,8.082797847,18.33589662,62.08247095,0.039989011,59.03656622,517.5599476,-0.874258513,-31.5574928,11.20391208,0.003801909,158.6430669,71.26653526,5.373525254,0.054821244,46.23706625,263.0257802,23.80619323
pa7,pa7l,pa,low,32,14,8.724293591,20.67601342,42.93743497,0.047589976,58.04124649,492.5027705,-0.898773515,-30.81783525,8.79737348,0.003065937,150.8198002,80.4051348,2.192813514,0.061428986,129.7673061,326.1645193,25.9316381
pa6,pa6l,pa,low,32,14,8.772628321,17.52338906,40.47182978,0.029576573,57.20456412,649.6798761,-0.919900809,-30.64483807,12.7455594,0.003201717,137.2782547,68.61348197,2.333509758,0.070444378,115.0893209,312.3324397,25.22548317
pa5,pa5h,pa,high,32,10,5.949632748,14.7030868,47.46829697,0.04477128,52.13437994,380.5388131,-0.795821364,-29.61916974,17.52623889,0.003446855,178.0818381,52.9485822,4.271406117,0.037056526,31.77833319,290.1195219,23.2507128
pa3,pa3h,pa,high,32,10,7.663596163,19.29322515,49.99787586,0.049440901,74.50142404,464.7294522,-1.567766095,-29.05685244,33.5469299,0.003500545,217.9738437,71.3081407,3.971620617,0.041553567,54.17862521,285.6697819,22.223052
pa14,pa14h,pa,high,32,10,8.851953019,24.45277047,47.24969543,0.051615304,64.56203506,538.3124283,-1.454287123,-29.72865299,24.51093788,0.003494191,197.4617314,92.0561546,4.340866788,0.051181916,62.02237189,286.1892583,28.3471608
pa15,pa15h,pa,high,32,10,11.95727995,25.64283678,49.60981351,0.062637727,70.36343193,479.746688,-1.905366412,-29.96106825,26.97252374,0.002235247,232.8590777,104.664472,4.372598661,0.058077032,122.3396589,447.3778575,37.285347
pa7,pa7h,pa,high,32,10,11.97728446,24.24900322,50.27815253,0.057755708,65.6325961,485.4872593,-1.379116276,-30.17176678,23.87057965,0.002639346,260.6088256,99.06860323,4.653116272,0.050592942,97.52547245,378.8816775,35.53639008
pa6,pa6h,pa,high,32,10,13.5270279,21.37247895,50.64805333,0.044433895,67.19080805,548.1857551,-1.574395328,-29.89244709,23.87470354,0.002593484,282.0544195,84.76261055,4.258359001,0.052393845,122.4831849,385.5816494,29.02606217
pa6,pa6m,pa,med,32,10,6.855499946,18.44049847,48.30487202,0.038132786,50.36788083,533.9543322,-1.227302943,-30.3931578,40.10636501,0.002913776,289.9192373,64.2524258,3.975985563,0.027442541,71.19992423,343.1972789,22.8757104
pa14,pa14m,pa,med,32,10,8.994117694,17.26810598,48.97131304,0.04249626,52.72972552,459.0738606,-1.1759098,-29.81108302,27.69135928,0.003655313,287.0838653,106.119134,3.904864015,0.034673776,76.71383476,273.5744089,45.21095191
pa5,pa5m,pa,med,32,10,10.8075985,23.70274703,46.67358629,0.067283642,67.56416179,419.8451361,-1.721014672,-30.7747775,28.57841584,0.003519034,228.8097452,96.2396428,4.057550293,0.053975562,80.84527527,284.1688654,39.303704
pa7,pa7m,pa,med,32,10,12.78455945,22.16691143,30.31783669,0.058393485,69.79408951,449.4068366,-1.562609391,-29.27178563,26.58377617,0.002845263,292.1888091,95.4960989,2.801654717,0.048133724,160.3794662,351.4613779,35.9017627
pa,pam,pa,med,32,10,13.18690439,26.12692232,48.79618105,0.061929446,68.44240828,490.3244665,-1.632179153,-29.91559072,23.23825197,0.003173602,243.9789094,111.2174574,3.744630747,0.059739355,110.9638322,315.0994089,37.7299851
pa15,pa15m,pa,med,32,10,13.28635373,23.36192173,50.87306935,0.063144573,52.74632736,422.7214572,-0.788136998,-29.74012379,12.61440279,0.002634161,253.5859508,90.532303,4.413458769,0.055136608,100.2646352,379.6274738,36.088099
pa,pal,pa,low,32,10,4.049480872,12.84462224,44.57393469,0.014253081,85.70524551,986.8873764,-0.654240914,-30.38010478,11.83495671,0.003757259,117.0711392,48.5432929,2.873945499,0.038479929,33.39927454,266.1514683,13.0815883
pa15,pa15l,pa,low,32,10,7.103251804,15.42433713,44.07581738,0.031366947,52.88484346,544.6233904,-0.961191648,-30.04991675,16.28194411,0.003442748,160.81202,57.5408969,3.108562533,0.049147223,54.62408686,290.4656319,19.9731881
pa7,pa7l,pa,low,32,10,7.906141711,17.59237603,44.8266206,0.039980397,72.04055743,512.0656045,-1.008504428,-30.27697714,18.85786842,0.003393214,187.6682472,70.5823086,3.236308473,0.046834453,71.99519108,294.7058824,25.2165469
pa6,pa6l,pa,low,32,10,8.946696111,19.78336657,38.61032288,0.040799639,69.07387464,553.9646015,-1.489464648,-30.61764966,27.57933223,0.003266518,211.0582821,77.7425934,1.98184051,0.048761431,166.0061243,306.1363636,27.1473742
pa5,pa5l,pa,low,32,10,10.17081285,17.87805174,37.38146221,0.050176247,50.37038689,406.6754702,-0.995481197,-29.86974025,16.80763401,0.004207493,199.733282,67.463005,1.97008993,0.055600803,179.243108,237.6712329,28.192473
pa14,pa14l,pa,low,32,10,11.74430058,23.9454059,30.20247818,0.080846261,59.70619103,355.890648,-1.010851192,-30.24041883,14.3314424,0.004316589,227.6749922,94.692864,2.159980634,0.055048773,143.0130333,231.6644114,50.440835
